antecedents,consequents,antecedent support,consequent support,support,confidence,lift,representativity,leverage,conviction,zhangs_metric,jaccard,certainty,kulczynski
"Garlic Bread, Wireless Mouse",Pasta,0.028297,0.108627,0.013036,0.4606848782556455,4.240979482593144,1.0,0.009962181781,1.6527869589804076,0.7864598692339191,0.1052240733565801,0.3949613441910912,0.2903459373372918
Pasta,"Garlic Bread, Wireless Mouse",0.108627,0.028297,0.013036,0.1200069964189382,4.240979482593144,1.0,0.009962181781,1.1042167335941668,0.8573351608296492,0.1052240733565801,0.0943806867107935,0.2903459373372918
Laptop,Wireless Mouse,0.108038,0.18271,0.083654,0.7743016346100448,4.237872227081412,1.0,0.06391437702,3.621160474901577,0.8565751983557732,0.403942171187963,0.723845433824034,0.6160764371397331
Wireless Mouse,Laptop,0.18271,0.108038,0.083654,0.4578512396694215,4.237872227081411,1.0,0.06391437702,1.6452347865853658,0.934836504882982,0.403942171187963,0.3921840164372713,0.6160764371397331
Wet Wipes,Diapers,0.182792,0.108594,0.084108,0.4601295461508162,4.237154411393044,1.0,0.064257885552,1.6511479627092536,0.9348813911047028,0.4057738882081069,0.3943607583422325,0.6173237376590868
Diapers,Wet Wipes,0.108594,0.182792,0.084108,0.7745179291673574,4.237154411393044,1.0,0.064257885552,3.624270421955404,0.8570646280840514,0.4057738882081069,0.7240823990555126,0.6173237376590868
DSLR Camera,SD Card,0.108524,0.182546,0.083891,0.7730179499465556,4.234647431039604,1.0,0.0640803778959999,3.601403722486096,0.8568406009841132,0.4049203828573359,0.7223304919256076,0.6162894138763488
SD Card,DSLR Camera,0.182546,0.108524,0.083891,0.4595608778061419,4.234647431039604,1.0,0.0640803778959999,1.6495400932137243,0.9344291319180202,0.4049203828573359,0.3937704187282012,0.6162894138763488
Notebooks (Set of 5),Blue Pens,0.108758,0.18269,0.084071,0.7730098015778151,4.2312649930363735,1.0,0.06420200098,3.600640052659296,0.8568537586007035,0.4054017562217604,0.7222716002224554,0.6165968598452325
Blue Pens,Notebooks (Set of 5),0.18269,0.108758,0.084071,0.4601839181126499,4.2312649930363735,1.0,0.06420200098,1.651010464312151,0.9343627968858916,0.4054017562217604,0.3943103198824224,0.6165968598452325
Garlic Bread,Pasta,0.182775,0.108627,0.083931,0.4592039392695938,4.227346233161128,1.0,0.064076700075,1.6482608967160377,0.9341918976410432,0.4045432855676215,0.3932999308590161,0.6159285735178095
Pasta,Garlic Bread,0.108627,0.182775,0.083931,0.7726532077660251,4.227346233161128,1.0,0.064076700075,3.5946185647473285,0.8564820490969568,0.4045432855676215,0.7218063663813822,0.6159285735178095
"Garlic Bread, DSLR Camera",SD Card,0.016734,0.182546,0.012909,0.7714234492649696,4.22591264264881,1.0,0.009854275236,3.576281107450982,0.7763562709129865,0.0692650680631643,0.7203799226194619,0.4210699357135274
SD Card,"Garlic Bread, DSLR Camera",0.182546,0.016734,0.012909,0.0707164221620851,4.225912642648809,1.0,0.009854275236,1.058090364932179,0.9338320261146544,0.0692650680631643,0.0549011378020649,0.4210699357135274
Wireless Mouse,"Wet Wipes, Laptop",0.18271,0.016596,0.012811,0.0701165781840074,4.224908302241952,1.0,0.0097787448399999,1.05755622363875,0.9339505835217924,0.0686935306576583,0.0544237954940262,0.4210247870433172
"Wet Wipes, Laptop",Wireless Mouse,0.016596,0.18271,0.012811,0.7719329959026271,4.224908302241952,1.0,0.0097787448399999,3.5835521373844115,0.7761901236994415,0.0686935306576583,0.7209472719629839,0.4210247870433172
"Large Fries, Diapers",Wet Wipes,0.016796,0.182792,0.012955,0.7713145987139796,4.219629954888505,1.0,0.009884825568,3.573503141890133,0.7760468776448425,0.0694143050800233,0.7201625519010821,0.4210937517181434
Wet Wipes,"Large Fries, Diapers",0.182792,0.016796,0.012955,0.0708729047223073,4.219629954888505,1.0,0.009884825568,1.0582018380447131,0.933681993186459,0.0694143050800233,0.055000696419367,0.4210937517181434
"Large Fries, Notebooks (Set of 5)",Blue Pens,0.016723,0.18269,0.012891,0.7708545117502841,4.2194674681169415,1.0,0.00983587513,3.5667732593945725,0.7759799814005541,0.0691124907517612,0.7196345471733908,0.4207083331098018
Blue Pens,"Large Fries, Notebooks (Set of 5)",0.18269,0.016723,0.012891,0.0705621544693196,4.2194674681169415,1.0,0.00983587513,1.0579265786606515,0.9335543039625024,0.0691124907517612,0.0547548193126856,0.4207083331098018
"Garlic Bread, Diapers",Wet Wipes,0.016694,0.182792,0.012866,0.7706960584641188,4.216246107401411,1.0,0.009814470352,3.563863728317658,0.7757729479028767,0.0689422355588897,0.7194056573896963,0.420541035490539
Wet Wipes,"Garlic Bread, Diapers",0.182792,0.016694,0.012866,0.0703860125169591,4.216246107401411,1.0,0.009814470352,1.0577573199628074,0.9334492495308244,0.0689422355588897,0.0546035644214101,0.420541035490539
Garlic Bread,"Wireless Mouse, Pasta",0.182775,0.016918,0.013036,0.0713226644781835,4.215785818547321,1.0,0.00994381255,1.058582957069383,0.9333981445884072,0.0698393309653535,0.0553409221999625,0.420931458731585
"Wireless Mouse, Pasta",Garlic Bread,0.016918,0.182775,0.013036,0.7705402529849865,4.215785818547321,1.0,0.00994381255,3.5615179160226704,0.7759233702898244,0.0698393309653535,0.7192208424668683,0.420931458731585
Burger,Large Fries,0.109005,0.182826,0.084006,0.7706618962432915,4.21527515913104,1.0,0.06407705187,3.5631846021840863,0.8560851213240195,0.4042150848069288,0.7193521774350278,0.6150739824821853
Large Fries,Burger,0.182826,0.109005,0.084006,0.459486068721079,4.21527515913104,1.0,0.06407705187,1.6484218970856104,0.9334212330227034,0.4042150848069288,0.3933591868877817,0.6150739824821853
"Notebooks (Set of 5), Wireless Mouse",Blue Pens,0.016776,0.18269,0.012919,0.7700882212684788,4.215272983023038,1.0,0.00985419256,3.5548852890847806,0.7757819583374188,0.0692533248993551,0.7186969708782209,0.4204018204158366
Blue Pens,"Notebooks (Set of 5), Wireless Mouse",0.18269,0.016776,0.012919,0.0707154195631944,4.215272983023038,1.0,0.00985419256,1.0580440273073728,0.9332657623231704,0.0692533248993551,0.0548597466733872,0.4204018204158366
Wet Wipes,"SD Card, Diapers",0.182792,0.016689,0.012857,0.0703367762265307,4.214559064445486,1.0,0.009806384312,1.0577066779180275,0.9333330737945484,0.0688925325788751,0.054558299690058,0.4203622283673249
"SD Card, Diapers",Wet Wipes,0.016689,0.182792,0.012857,0.7703876805081192,4.214559064445486,1.0,0.009806384312,3.559077325678498,0.7756724521229755,0.0688925325788751,0.7190283018620954,0.4203622283673249
"Garlic Bread, Laptop",Wireless Mouse,0.016575,0.18271,0.012761,0.7698944193061841,4.213750858224421,1.0,0.00973258175,3.551804339276351,0.7755362586481304,0.0684147884454547,0.718452959544573,0.4198686698906269
Wireless Mouse,"Garlic Bread, Laptop",0.18271,0.016575,0.012761,0.0698429204750697,4.213750858224421,1.0,0.00973258175,1.0572676611807073,0.9331837477040432,0.0684147884454547,0.0541657172382945,0.4198686698906269
SD Card,"Blue Pens, DSLR Camera",0.182546,0.016614,0.012775,0.0699823606104762,4.212252354067429,1.0,0.009742180756,1.0573842455778666,0.9328932508154034,0.0685409233575663,0.0542700024308626,0.4194560894180345
"Blue Pens, DSLR Camera",SD Card,0.016614,0.182546,0.012775,0.7689298182255928,4.212252354067428,1.0,0.009742180756,3.537687094555873,0.7754811635024851,0.0685409233575663,0.7173294377733705,0.4194560894180345
"Large Fries, Pasta",Garlic Bread,0.016833,0.182775,0.012958,0.7697974217311234,4.211721634420043,1.0,0.009881348425,3.5500254000000004,0.7756234742482407,0.0694240557192606,0.7183118746136296,0.420346666001658
Garlic Bread,"Large Fries, Pasta",0.182775,0.016833,0.012958,0.0708959102721926,4.211721634420043,1.0,0.009881348425,1.0582322057538538,0.933118057213399,0.0694240557192606,0.0549885322353095,0.420346666001658
"SD Card, Pasta",Garlic Bread,0.016644,0.182775,0.012811,0.7697068012496996,4.211225830938036,1.0,0.0097688929,3.5486284633446386,0.7754459732510407,0.0686519334648032,0.7182009865700384,0.4198992219899161
Garlic Bread,"SD Card, Pasta",0.182775,0.016644,0.012811,0.0700916427301326,4.211225830938036,1.0,0.0097688929,1.0574762473229626,0.9330838514145436,0.0686519334648032,0.0543522821136319,0.4198992219899161
Notebooks (Set of 5),"Large Fries, Blue Pens",0.108758,0.028157,0.012891,0.1185292116442009,4.209582400262844,1.0,0.009828700994,1.1025243409515266,0.8554878981535841,0.1039395600851448,0.0929905464609004,0.2881774871659936
"Large Fries, Blue Pens",Notebooks (Set of 5),0.028157,0.108758,0.012891,0.4578257626877863,4.209582400262844,1.0,0.009828700994,1.6438294899777282,0.7845369522918789,0.1039395600851448,0.3916643994423358,0.2881774871659936
"Large Fries, Laptop",Wireless Mouse,0.016641,0.18271,0.012796,0.7689441740280032,4.208550019309305,1.0,0.00975552289,3.5371971105331608,0.7752900743053207,0.0685910321352952,0.7172902813297645,0.4194893274496646
Wireless Mouse,"Large Fries, Laptop",0.18271,0.016641,0.012796,0.0700344808713261,4.208550019309305,1.0,0.00975552289,1.0574144737337712,0.9328249118168654,0.0685910321352952,0.054297037878665,0.4194893274496646
"SD Card, Laptop",Wireless Mouse,0.016562,0.18271,0.012734,0.7688684941432194,4.208135811631654,1.0,0.00970795698,3.536038918495298,0.7752040128884731,0.0682649111709142,0.7171976827603659,0.4192818197277314
Wireless Mouse,"SD Card, Laptop",0.18271,0.016562,0.012734,0.0696951453122434,4.208135811631653,1.0,0.00970795698,1.0571136924036335,0.932796295105794,0.0682649111709142,0.0540279563248963,0.4192818197277314
"Wet Wipes, DSLR Camera",SD Card,0.016655,0.182546,0.012794,0.768177724407085,4.208132330519896,1.0,0.0097536963699999,3.5262098860398865,0.7752771280143193,0.0686347615701127,0.7164093935647572,0.4191320841859469
SD Card,"Wet Wipes, DSLR Camera",0.182546,0.016655,0.012794,0.0700864439648088,4.208132330519896,1.0,0.0097536963699999,1.0574585063504407,0.9326089143208558,0.0686347615701127,0.0543364169897735,0.4191320841859469
SD Card,"Large Fries, DSLR Camera",0.182546,0.016591,0.01274,0.069790628115653,4.20653535746206,1.0,0.0097113793139999,1.057191025723473,0.9324985521247328,0.0683487395183398,0.0540971539976276,0.4188384157394611
"Large Fries, DSLR Camera",SD Card,0.016591,0.182546,0.01274,0.7678862033632692,4.20653535746206,1.0,0.0097113793139999,3.5217811773565297,0.7751349351374366,0.0683487395183398,0.7160527728328068,0.4188384157394611
Blue Pens,"Notebooks (Set of 5), Wet Wipes",0.18269,0.016889,0.012975,0.0710219497509442,4.205219358810126,1.0,0.00988954859,1.0582715057007337,0.9325718230364666,0.0695322715483055,0.0550629071904843,0.4196367372059831
"Notebooks (Set of 5), Wet Wipes",Blue Pens,0.016889,0.18269,0.012975,0.768251524661022,4.205219358810126,1.0,0.00988954859,3.5267114435360245,0.7752942207806998,0.0695322715483055,0.7164497249036742,0.4196367372059831
Garlic Bread,"Blue Pens, Pasta",0.182775,0.016838,0.012935,0.0707700724935029,4.202997534950883,1.0,0.00985743455,1.0580395345619409,0.9325149977042312,0.069290435937818,0.0548557333313359,0.4194864734720752
"Blue Pens, Pasta",Garlic Bread,0.016838,0.182775,0.012935,0.7682028744506474,4.202997534950882,1.0,0.00985743455,3.5256045477837565,0.7751261429945832,0.069290435937818,0.7163607017047293,0.4194864734720752
"Blue Pens, Wet Wipes",Notebooks (Set of 5),0.028399,0.108758,0.012975,0.4568822845874855,4.200907377732999,1.0,0.009886381558,1.6409739080653527,0.7842274652261917,0.1044837416050635,0.3906057889860279,0.2880919266038624
Notebooks (Set of 5),"Blue Pens, Wet Wipes",0.108758,0.028399,0.012975,0.1193015686202394,4.200907377732999,1.0,0.009886381558,1.1032164534207531,0.8549374798777808,0.1044837416050635,0.0935595667565589,0.2880919266038624
"Pasta, Wet Wipes",Garlic Bread,0.016618,0.182775,0.012759,0.7677819232157901,4.200694423284312,1.0,0.00972164505,3.519213539777144,0.7748200819176871,0.0683637493704255,0.7158456033721314,0.4187945315709644
Garlic Bread,"Pasta, Wet Wipes",0.182775,0.016618,0.012759,0.0698071399261387,4.200694423284312,1.0,0.00972164505,1.0571807656338228,0.9323553755653328,0.0683637493704255,0.0540879738760102,0.4187945315709644
"Burger, SD Card",Large Fries,0.016736,0.182826,0.012847,0.767626673040153,4.198673454761101,1.0,0.009787224064,3.5166428552327083,0.7747965319265329,0.0688053986021476,0.7156378850038705,0.4189478359895174
Large Fries,"Burger, SD Card",0.182826,0.016736,0.012847,0.0702689989388817,4.198673454761101,1.0,0.009787224064,1.0575790189611658,0.9322733434595452,0.0688053986021476,0.0544441766797948,0.4189478359895174
"Wireless Mouse, Diapers",Wet Wipes,0.016762,0.182792,0.01286,0.7672115499343755,4.197183410293532,1.0,0.009796040496,3.5105178103536656,0.7747310255877605,0.068882770737142,0.7151417386202478,0.4187823691288578
Wet Wipes,"Wireless Mouse, Diapers",0.182792,0.016762,0.01286,0.0703531883233401,4.197183410293532,1.0,0.009796040496,1.057646826354071,0.9321310904162204,0.068882770737142,0.0545047977431102,0.4187823691288578
Wet Wipes,"Blue Pens, Diapers",0.182792,0.016759,0.012849,0.0702930106350387,4.194343972494703,1.0,0.009785588872,1.0575815942521904,0.9319337219533372,0.0688209017578815,0.0544464791796098,0.4184927670276452
"Blue Pens, Diapers",Wet Wipes,0.016759,0.182792,0.012849,0.7666925234202517,4.194343972494703,1.0,0.009785588872,3.5027081514066483,0.7745646215424731,0.0688209017578815,0.7145066169448313,0.4184927670276452
"Garlic Bread, Burger",Large Fries,0.016844,0.182826,0.012916,0.7668012348610781,4.194158570778106,1.0,0.009836478856,3.504195228105906,0.7746208678150991,0.0691604999089711,0.7146277718834397,0.4187238209136322
Large Fries,"Garlic Bread, Burger",0.182826,0.016844,0.012916,0.0706464069661864,4.194158570778106,1.0,0.009836478856,1.057892289188394,0.9319595996906676,0.0691604999089711,0.054724181072166,0.4187238209136322
"Blue Pens, Laptop",Wireless Mouse,0.016735,0.18271,0.012818,0.7659396474454735,4.192105782088958,1.0,0.0097603481499999,3.4917917155986715,0.7744162572191894,0.0686824521639419,0.7136140751085581,0.4180472688543661
Wireless Mouse,"Blue Pens, Laptop",0.18271,0.016735,0.012818,0.0701548902632587,4.192105782088958,1.0,0.0097603481499999,1.057450310491371,0.9316844708177346,0.0686824521639419,0.0543290875432957,0.4180472688543661
"SD Card, Wireless Mouse",DSLR Camera,0.028137,0.108524,0.0128,0.4549170131854853,4.191856300776652,1.0,0.009746460212,1.6354867452565691,0.7834871829285609,0.1033416491066599,0.3885612323668672,0.286431636960219
DSLR Camera,"SD Card, Wireless Mouse",0.108524,0.028137,0.0128,0.1179462607349526,4.191856300776652,1.0,0.009746460212,1.1018183549788976,0.8541365152426986,0.1033416491066599,0.0924093835601855,0.286431636960219
"SD Card, Wireless Mouse",Laptop,0.028137,0.108038,0.012734,0.4525713473362477,4.1890015303527255,1.0,0.009694134794,1.629366668441213,0.7833199009197784,0.1031585939841705,0.3862646024564362,0.2852186416978912
Laptop,"SD Card, Wireless Mouse",0.108038,0.028137,0.012734,0.1178659360595346,4.189001530352725,1.0,0.009694134794,1.101718026462688,0.8534888581213085,0.1031585939841705,0.0923267333559716,0.2852186416978912
"Wireless Mouse, DSLR Camera",SD Card,0.016741,0.182546,0.0128,0.7645899289170301,4.188478131084932,1.0,0.009743997414,3.4724682603400168,0.7742108620096536,0.0686374921576302,0.7120204059396983,0.4173546206547615
SD Card,"Wireless Mouse, DSLR Camera",0.182546,0.016741,0.0128,0.0701193123924928,4.188478131084932,1.0,0.009743997414,1.0574033992789225,0.9312448137372256,0.0686374921576302,0.054287133290916,0.4173546206547615
Pasta,"Garlic Bread, Large Fries",0.108627,0.028482,0.012958,0.1192889428963333,4.188222136659411,1.0,0.009864085786,1.1031063958649092,0.8540029874922203,0.1043729007418385,0.0934691306762544,0.2871214744676175
"Garlic Bread, Large Fries",Pasta,0.028482,0.108627,0.012958,0.4549540060389018,4.188222136659411,1.0,0.009864085786,1.635408772610152,0.7835523427974601,0.1043729007418385,0.3885320803287757,0.2871214744676175
Large Fries,"Burger, Wet Wipes",0.182826,0.016968,0.012992,0.071062102764377,4.188006999315008,1.0,0.009889808432,1.0582322057538538,0.9315310321365736,0.0695495765569961,0.0550278147246244,0.4183693352105713
"Burger, Wet Wipes",Large Fries,0.016968,0.182826,0.012992,0.7656765676567656,4.188006999315008,1.0,0.009889808432,3.4873763661971826,0.774362319492318,0.0695495765569961,0.7132514833520959,0.4183693352105713
Notebooks (Set of 5),"SD Card, Blue Pens",0.108758,0.028308,0.01289,0.1185200169182956,4.186802915016804,1.0,0.009811278536,1.1023415376976675,0.8540377020679099,0.1038042777992526,0.092840135473273,0.2869341641748466
"SD Card, Blue Pens",Notebooks (Set of 5),0.028308,0.108758,0.01289,0.4553483114313975,4.186802915016804,1.0,0.009811278536,1.6363522205214682,0.7833287396277916,0.1038042777992526,0.3888846255353737,0.2869341641748466
"Wireless Mouse, Blue Pens",Notebooks (Set of 5),0.028387,0.108758,0.012919,0.4551026878500722,4.184544473510659,1.0,0.009831686654,1.6356146013705717,0.7832597568988221,0.1039959428783024,0.3886090285804217,0.2869446759098096
Notebooks (Set of 5),"Wireless Mouse, Blue Pens",0.108758,0.028387,0.012919,0.118786663969547,4.184544473510659,1.0,0.009831686654,1.1025854469892211,0.8538930640384264,0.1039959428783024,0.0930408135436095,0.2869446759098096
Laptop,"Large Fries, Wireless Mouse",0.108038,0.028305,0.012796,0.1184398082156278,4.184412938195649,1.0,0.00973798441,1.1022446442745848,0.8531953716743641,0.1035719199980574,0.0927603910852971,0.2852577066162047
"Large Fries, Wireless Mouse",Laptop,0.028305,0.108038,0.012796,0.4520756050167815,4.184412938195649,1.0,0.00973798441,1.6278924759816884,0.7831859277956655,0.1035719199980574,0.3857088138472059,0.2852577066162047
Blue Pens,"SD Card, Notebooks (Set of 5)",0.18269,0.016869,0.01289,0.0705566807159669,4.182623790145649,1.0,0.00980820239,1.0577632649587752,0.9310000168104304,0.069052708269718,0.0546088778768719,0.4173401104688378
"SD Card, Notebooks (Set of 5)",Blue Pens,0.016869,0.18269,0.01289,0.7641235402217086,4.182623790145649,1.0,0.00980820239,3.464991804473488,0.7739717532448197,0.069052708269718,0.7113990287916563,0.4173401104688378
Diapers,"SD Card, Wet Wipes",0.108594,0.028309,0.012857,0.118395123119141,4.182243213082095,1.0,0.009782812454,1.1021842386329217,0.8535884517999588,0.1036470341647453,0.0927106694609099,0.286280821300289
"SD Card, Wet Wipes",Diapers,0.028309,0.108594,0.012857,0.454166519481437,4.182243213082095,1.0,0.009782812454,1.6331097886357755,0.783061557084705,0.1036470341647453,0.3876712962235356,0.286280821300289
"Burger, Blue Pens",Large Fries,0.016768,0.182826,0.01282,0.7645515267175572,4.181853383641043,1.0,0.009754373632,3.4707126727456936,0.7738474522382575,0.0686391039438037,0.7118747374703027,0.4173364221272251
Large Fries,"Burger, Blue Pens",0.182826,0.016768,0.01282,0.070121317536893,4.181853383641043,1.0,0.009754373632,1.0573766433655285,0.931101060678786,0.0686391039438037,0.0542632029235144,0.4173364221272251
Large Fries,"Burger, Wireless Mouse",0.182826,0.016842,0.012874,0.0704166803408705,4.181016526592481,1.0,0.009794844508,1.0576330052485408,0.9310424892185344,0.0689208432819041,0.0544924420498745,0.4174076039158337
"Burger, Wireless Mouse",Large Fries,0.016842,0.182826,0.012874,0.7643985274907968,4.18101652659248,1.0,0.009794844508,3.468458797379033,0.7738570149301198,0.0689208432819041,0.7116875077900138,0.4174076039158337
"Wireless Mouse, Blue Pens",Laptop,0.028387,0.108038,0.012818,0.4515447211751858,4.179499076021269,1.0,0.009751125294,1.62631673800501,0.782962843601272,0.1036996286618071,0.3851136272343282,0.2850940807231008
Laptop,"Wireless Mouse, Blue Pens",0.108038,0.028387,0.012818,0.1186434402710157,4.179499076021269,1.0,0.009751125294,1.1024062727788275,0.8528803663832794,0.1036996286618071,0.0928934053692321,0.2850940807231008
"Large Fries, Wet Wipes",Diapers,0.028544,0.108594,0.012955,0.4538607062780269,4.179427097979878,1.0,0.009855292864,1.6321953213163127,0.7830851389805061,0.1043218475958867,0.387328227853556,0.2865791366813822
Diapers,"Large Fries, Wet Wipes",0.108594,0.028544,0.012955,0.1192975670847376,4.179427097979878,1.0,0.009855292864,1.1030467995692133,0.8534077140757933,0.1043218475958867,0.093420151900588,0.2865791366813822
"Large Fries, Blue Pens",Burger,0.028157,0.109005,0.01282,0.4553041872358561,4.176911033767773,1.0,0.009750746215,1.63576620036513,0.7826250004528844,0.1031027327853822,0.3886656908690352,0.2864567356068276
Burger,"Large Fries, Blue Pens",0.109005,0.028157,0.01282,0.1176092839777991,4.176911033767772,1.0,0.009750746215,1.101374915163487,0.853639614492935,0.1031027327853822,0.0920439659263884,0.2864567356068276
"Large Fries, Wet Wipes",Burger,0.028544,0.109005,0.012992,0.4551569506726457,4.175560301570072,1.0,0.00988056128,1.6353241563786007,0.7828570540158379,0.1043056592564047,0.3885004412736836,0.2871720719603309
Burger,"Large Fries, Wet Wipes",0.109005,0.028544,0.012992,0.1191871932480161,4.175560301570072,1.0,0.00988056128,1.1029085777967569,0.8535526936357778,0.1043056592564047,0.0933065349825583,0.2871720719603309
"Garlic Bread, Wireless Mouse",Laptop,0.028297,0.108038,0.012761,0.4509665335547938,4.174147369951257,1.0,0.0097038487139999,1.6246040624356335,0.7825746306143201,0.1032660592033923,0.3844654072200316,0.2845411908411522
Laptop,"Garlic Bread, Wireless Mouse",0.108038,0.028297,0.012761,0.1181158481275106,4.174147369951256,1.0,0.0097038487139999,1.1018488062596428,0.852536449189345,0.1032660592033923,0.0924344662180838,0.2845411908411522
Pasta,"Garlic Bread, Blue Pens",0.108627,0.028536,0.012935,0.1190772091653088,4.172876687878778,1.0,0.009835219928,1.1027799599548551,0.8530179452388958,0.1041230640435328,0.0932007868179457,0.2861821425697584
"Garlic Bread, Blue Pens",Pasta,0.028536,0.108627,0.012935,0.453287075974208,4.172876687878778,1.0,0.009835219928,1.6304224042048587,0.7826920656879002,0.1041230640435328,0.3866620101508661,0.2861821425697584
Burger,"Large Fries, Wireless Mouse",0.109005,0.028305,0.012874,0.1181046740975184,4.172572835100458,1.0,0.009788613475,1.101825773943889,0.8533602475481634,0.1034588061332733,0.0924154946742737,0.2864679879938219
"Large Fries, Wireless Mouse",Burger,0.028305,0.109005,0.012874,0.4548313018901254,4.172572835100458,1.0,0.009788613475,1.634347318709092,0.7824880376704375,0.1034588061332733,0.3881349523736109,0.2864679879938219
Diapers,"Garlic Bread, Wet Wipes",0.108594,0.028396,0.012866,0.1184780006261856,4.172348240110777,1.0,0.009782364776,1.102189169062343,0.8529523168965566,0.103654410106023,0.0927147280437149,0.2857849927063876
"Garlic Bread, Wet Wipes",Diapers,0.028396,0.108594,0.012866,0.4530919847865897,4.172348240110777,1.0,0.009782364776,1.62990114462331,0.7825480473479853,0.103654410106023,0.386465858190981,0.2857849927063876
"Garlic Bread, SD Card",DSLR Camera,0.028511,0.108524,0.012909,0.4527726140787766,4.172096624514178,1.0,0.009814872236,1.6290778256633769,0.782625802772411,0.1039991621416947,0.3861557844280458,0.2858616304701502
DSLR Camera,"Garlic Bread, SD Card",0.108524,0.028511,0.012909,0.1189506468615237,4.172096624514177,1.0,0.009814872236,1.102649921414004,0.8528691277270132,0.1039991621416947,0.0930938454902976,0.2858616304701502
"Garlic Bread, Blue Pens",Notebooks (Set of 5),0.028536,0.108758,0.012944,0.4536024670591534,4.170750354540847,1.0,0.009840481712,1.631123762955362,0.7825663021082083,0.1040932850824286,0.386925736286164,0.2863094995881655
Notebooks (Set of 5),"Garlic Bread, Blue Pens",0.108758,0.028536,0.012944,0.1190165321171776,4.170750354540846,1.0,0.009840481712,1.1027040068465983,0.8530062430981131,0.1040932850824286,0.0931383274286824,0.2863094995881655
Burger,"Large Fries, SD Card",0.109005,0.028259,0.012847,0.1178569790376588,4.17059977485611,1.0,0.009766627705,1.101568540371056,0.8532329961281782,0.1032575934156907,0.0922035594234048,0.2862366037479246
"Large Fries, SD Card",Burger,0.028259,0.109005,0.012847,0.4546162284581903,4.17059977485611,1.0,0.009766627705,1.633702809823514,0.7823343189031092,0.1032575934156907,0.387893566695874,0.2862366037479246
Diapers,"Blue Pens, Wet Wipes",0.108594,0.028399,0.012849,0.1183214542239902,4.166395092221214,1.0,0.0097650389939999,1.1019900673037757,0.852568140995594,0.1035007732955277,0.0925508045215991,0.2853834814343304
"Blue Pens, Wet Wipes",Diapers,0.028399,0.108594,0.012849,0.4524455086446705,4.166395092221214,1.0,0.0097650389939999,1.6279767841800643,0.7821979972152338,0.1035007732955277,0.3857406262069927,0.2853834814343304
Blue Pens,"Garlic Bread, Notebooks (Set of 5)",0.18269,0.017006,0.012944,0.0708522633970113,4.166309737563879,1.0,0.00983717386,1.0579523161665076,0.9298545706309396,0.0693111720356408,0.0547778149174983,0.4159976946762782
"Garlic Bread, Notebooks (Set of 5)",Blue Pens,0.017006,0.18269,0.012944,0.7611431259555451,4.166309737563879,1.0,0.00983717386,3.421756243229936,0.7731272409825221,0.0693111720356408,0.7077524145740847,0.4159976946762782
"SD Card, Wet Wipes",DSLR Camera,0.028309,0.108524,0.012794,0.4519410788088593,4.164434399845743,1.0,0.009721794084,1.6266061285207865,0.7820092524362052,0.1031449785954417,0.3852230220542778,0.2849160261170462
DSLR Camera,"SD Card, Wet Wipes",0.108524,0.028309,0.012794,0.1178909734252331,4.164434399845743,1.0,0.009721794084,1.1015543098715137,0.8523744357772823,0.1031449785954417,0.0921918319972431,0.2849160261170462
"Wireless Mouse, Wet Wipes",Laptop,0.028492,0.108038,0.012811,0.44963498525902,4.161822555573225,1.0,0.009732781304,1.620673509597602,0.7820014394504139,0.1035491719137723,0.3829725764763746,0.2841068167562062
Laptop,"Wireless Mouse, Wet Wipes",0.108038,0.028492,0.012811,0.1185786482533923,4.161822555573225,1.0,0.009732781304,1.1022061107038972,0.851741054481685,0.1035491719137723,0.0927286736222371,0.2841068167562062
"Garlic Bread, Large Fries",Burger,0.028482,0.109005,0.012916,0.4534793904922407,4.160170547151422,1.0,0.00981131959,1.630304483489657,0.781895177689095,0.1036838429490009,0.386617647116135,0.2859846840081037
Burger,"Garlic Bread, Large Fries",0.109005,0.028482,0.012916,0.1184899775239667,4.160170547151421,1.0,0.00981131959,1.1021065844165303,0.8525583636700028,0.1036838429490009,0.0926467420304788,0.2859846840081037
DSLR Camera,"SD Card, Blue Pens",0.108524,0.028308,0.012775,0.1177158969444546,4.158396811659414,1.0,0.009702902608,1.1013368558209486,0.8519833501306775,0.1029768574123185,0.0920125893230104,0.2845008762664904
"SD Card, Blue Pens",DSLR Camera,0.028308,0.108524,0.012775,0.4512858555885262,4.158396811659413,1.0,0.009702902608,1.6246637872915728,0.7816496472556077,0.1029768574123185,0.3844880351109016,0.2845008762664904
Diapers,"Wireless Mouse, Wet Wipes",0.108594,0.028492,0.01286,0.1184227489548225,4.156350868834148,1.0,0.009765939752,1.1020111951030982,0.8519174599489636,0.1035210020446605,0.0925682021710809,0.284888757602499
"Wireless Mouse, Wet Wipes",Diapers,0.028492,0.108594,0.01286,0.4513547662501755,4.156350868834148,1.0,0.009765939752,1.6247402604913002,0.7816758434343988,0.1035210020446605,0.3845170059997077,0.284888757602499
"Large Fries, SD Card",DSLR Camera,0.028259,0.108524,0.01274,0.4508298241268269,4.154194686215279,1.0,0.009673220284,1.623314664862427,0.7813599067476388,0.1027063195827253,0.3839764885726894,0.2841116058822922
DSLR Camera,"Large Fries, SD Card",0.108524,0.028259,0.01274,0.1173933876377575,4.154194686215278,1.0,0.009673220284,1.1009899386536373,0.8517104859164545,0.1027063195827253,0.0917264864174276,0.2841116058822922
Pasta,"Garlic Bread, SD Card",0.108627,0.028511,0.012811,0.1179356881806548,4.136497779125772,1.0,0.0097139356029999,1.1013811430554397,0.8506535403651344,0.1030427823401192,0.0920491000728313,0.283635516216875
"Garlic Bread, SD Card",Pasta,0.028511,0.108627,0.012811,0.4493353442530952,4.136497779125772,1.0,0.0097139356029999,1.618722012929936,0.7805025051605226,0.1030427823401192,0.3822287014000819,0.283635516216875
Pasta,"Garlic Bread, Wet Wipes",0.108627,0.028396,0.012759,0.1174569858322516,4.136391950706143,1.0,0.009674427708,1.1009140454374766,0.8506466015014483,0.1026765595828236,0.0916638731749268,0.2833904171308039
"Garlic Bread, Wet Wipes",Pasta,0.028396,0.108627,0.012759,0.4493238484293562,4.136391950706143,1.0,0.009674427708,1.6186882207584574,0.7804037582391082,0.1026765595828236,0.3822158046399837,0.2833904171308039
curd,"whole milk, yogurt",0.0532791052364006,0.0560244026436197,0.0100660904931367,0.1889312977099236,3.37230365331597,1.0,0.0070811604488808,1.163866383564102,0.7430561657819739,0.1014344262295082,0.1407948419837461,0.1843023094720217
"whole milk, yogurt",curd,0.0560244026436197,0.0532791052364006,0.0100660904931367,0.1796733212341197,3.37230365331597,1.0,0.0070811604488808,1.1540779048998744,0.7452171434291209,0.1014344262295082,0.1335073691695379,0.1843023094720217
"citrus fruit, other vegetables",root vegetables,0.0288764616166751,0.1089984748347737,0.0103711235383833,0.3591549295774648,3.295045459323103,1.0,0.0072236332635408,1.3903540282798037,0.7172249697701297,0.0813397129186602,0.2807587278779375,0.227152091654404
root vegetables,"citrus fruit, other vegetables",0.1089984748347737,0.0288764616166751,0.0103711235383833,0.0951492537313433,3.295045459323103,1.0,0.0072236332635408,1.073241683656623,0.7817203795817083,0.0813397129186602,0.0682434206311131,0.227152091654404
"yogurt, other vegetables",whipped/sour cream,0.0434163701067615,0.0716827656329435,0.0101677681748856,0.2341920374707259,3.267061969538425,1.0,0.0070555626918894,1.2122062968646274,0.7254092261904761,0.0968992248062015,0.1750579067387283,0.1880180045509658
whipped/sour cream,"yogurt, other vegetables",0.0716827656329435,0.0434163701067615,0.0101677681748856,0.1418439716312056,3.267061969538425,1.0,0.0070555626918894,1.1146966265698068,0.7474972617743701,0.0968992248062015,0.1028949257007767,0.1880180045509658
"other vegetables, tropical fruit",root vegetables,0.0358922216573462,0.1089984748347737,0.0123029994916115,0.3427762039660056,3.144779819035136,1.0,0.0083908020725292,1.355704906824676,0.7074029784140807,0.0927914110429448,0.2623763512502186,0.2278246691471819
root vegetables,"other vegetables, tropical fruit",0.1089984748347737,0.0358922216573462,0.0123029994916115,0.1128731343283582,3.144779819035136,1.0,0.0083908020725292,1.0867755398352523,0.7654450577795634,0.0927914110429448,0.0798467914068132,0.2278246691471819
root vegetables,beef,0.1089984748347737,0.0524656837824097,0.0173868835790543,0.1595149253731343,3.0403668431100312,1.0,0.0116682040656082,1.127366023291073,0.7531887461435741,0.1206774876499647,0.1129766381634055,0.2454551371051718
beef,root vegetables,0.0524656837824097,0.1089984748347737,0.0173868835790543,0.3313953488372093,3.0403668431100312,1.0,0.0116682040656082,1.3326283680732078,0.7082512053284838,0.1206774876499647,0.24960324726851,0.2454551371051718
other vegetables,"root vegetables, citrus fruit",0.1934926283680732,0.0176919166243009,0.0103711235383833,0.0535995796111403,3.029608422273361,1.0,0.0069478680898785,1.0379413007573322,0.8306487496662811,0.0516455696202531,0.0365543800305936,0.3199032380814322
"root vegetables, citrus fruit",other vegetables,0.0176919166243009,0.1934926283680732,0.0103711235383833,0.5862068965517241,3.029608422273361,1.0,0.0069478680898785,1.949059481443823,0.6819900509629376,0.0516455696202531,0.4869320256664405,0.3199032380814322
other vegetables,"root vegetables, tropical fruit",0.1934926283680732,0.0210472801220132,0.0123029994916115,0.0635838150289017,3.020999134344196,1.0,0.0082305059408041,1.0454248181413068,0.8294824187411178,0.0608345902463549,0.0434510615713801,0.3240624389154171
"root vegetables, tropical fruit",other vegetables,0.0210472801220132,0.1934926283680732,0.0123029994916115,0.5845410628019324,3.020999134344196,1.0,0.0082305059408041,1.941244487532661,0.6833666956226159,0.0608345902463549,0.4848665346264504,0.3240624389154171
"whole milk, other vegetables",root vegetables,0.0748347737671581,0.1089984748347737,0.0231825114387391,0.3097826086956521,2.84208204899416,1.0,0.0150256352335136,1.2908998474834772,0.7005724554269507,0.1443037974683544,0.225346565847511,0.2612345879299156
root vegetables,"whole milk, other vegetables",0.1089984748347737,0.0748347737671581,0.0231825114387391,0.2126865671641791,2.84208204899416,1.0,0.0150256352335136,1.1750913773952685,0.7274345283498601,0.1443037974683544,0.149002350594538,0.2612345879299156
"whole milk, other vegetables",butter,0.0748347737671581,0.0554143365531265,0.0114895780376207,0.1535326086956521,2.770629736737136,1.0,0.0073426586982103,1.1159150052919724,0.6907644232031721,0.0967465753424657,0.1038744032854401,0.1804360291184683
butter,"whole milk, other vegetables",0.0554143365531265,0.0748347737671581,0.0114895780376207,0.2073394495412844,2.770629736737136,1.0,0.0073426586982103,1.1671644636502287,0.6765624851157872,0.0967465753424657,0.1432227152696485,0.1804360291184683
"whole milk, curd",yogurt,0.026131164209456,0.1395017793594306,0.0100660904931367,0.3852140077821012,2.761355514968633,1.0,0.0064207465891841,1.3996711563583943,0.6549742570832569,0.0647058823529411,0.2855464689279174,0.2286857210922167
yogurt,"whole milk, curd",0.1395017793594306,0.026131164209456,0.0100660904931367,0.0721574344023323,2.761355514968633,1.0,0.0064207465891841,1.0496056894773185,0.7412670961058058,0.0647058823529411,0.0472612619907014,0.2286857210922167
whipped/sour cream,curd,0.0716827656329435,0.0532791052364006,0.0104728012201321,0.1460992907801418,2.7421498565318605,1.0,0.0066536076063383,1.108701380080295,0.6843809483299482,0.0914742451154529,0.0980438755045317,0.1713320881381625
curd,whipped/sour cream,0.0532791052364006,0.0716827656329435,0.0104728012201321,0.1965648854961832,2.7421498565318605,1.0,0.0066536076063383,1.1554352275732485,0.671077011948494,0.0914742451154529,0.1345252627442455,0.1713320881381625
"whole milk, other vegetables",whipped/sour cream,0.0748347737671581,0.0716827656329435,0.0146415861718352,0.1956521739130435,2.729417206290472,1.0,0.0092772226226897,1.1541241292130973,0.6848737956552002,0.1110254433307633,0.1335420734320682,0.1999537465309898
whipped/sour cream,"whole milk, other vegetables",0.0716827656329435,0.0748347737671581,0.0146415861718352,0.2042553191489361,2.729417206290472,1.0,0.0092772226226897,1.1626407923246944,0.6825483753194597,0.1110254433307633,0.1398891157082962,0.1999537465309898
"yogurt, other vegetables",root vegetables,0.0434163701067615,0.1089984748347737,0.0129130655821047,0.297423887587822,2.728697700024468,1.0,0.0081807474576056,1.268192170818505,0.6622785433070866,0.0925655976676384,0.2114759710631324,0.2079470184207766
root vegetables,"yogurt, other vegetables",0.1089984748347737,0.0434163701067615,0.0129130655821047,0.1184701492537313,2.728697700024468,1.0,0.0081807474576056,1.0851403716884145,0.7110255090075397,0.0925655976676384,0.0784602378731343,0.2079470184207766
whipped/sour cream,"whole milk, yogurt",0.0716827656329435,0.0560244026436197,0.0108795119471276,0.15177304964539,2.709052528606917,1.0,0.0068635278226993,1.112880929993726,0.6795815377056228,0.093124456048738,0.1014312735095229,0.1729827135704264
"whole milk, yogurt",whipped/sour cream,0.0560244026436197,0.0716827656329435,0.0108795119471276,0.1941923774954627,2.709052528606917,1.0,0.0068635278226993,1.1520333246311896,0.6683088581702215,0.093124456048738,0.1319695545090773,0.1729827135704264
"yogurt, other vegetables",tropical fruit,0.0434163701067615,0.1049313675648195,0.0123029994916115,0.2833723653395784,2.700549625111196,1.0,0.0077472604016087,1.2490010001628171,0.6582853699330973,0.0904334828101644,0.1993601287191587,0.2003102136775411
tropical fruit,"yogurt, other vegetables",0.1049313675648195,0.0434163701067615,0.0123029994916115,0.1172480620155038,2.700549625111196,1.0,0.0077472604016087,1.0836380966518353,0.7035270658105849,0.0904334828101644,0.0771826838778147,0.2003102136775411
"root vegetables, other vegetables",citrus fruit,0.0473817996949669,0.0827656329435688,0.0103711235383833,0.2188841201716738,2.644625702565617,1.0,0.0064495388966239,1.1742615798030134,0.6528057695487204,0.0865874363327674,0.1484009890132371,0.1720956227393995
citrus fruit,"root vegetables, other vegetables",0.0827656329435688,0.0473817996949669,0.0103711235383833,0.1253071253071253,2.644625702565617,1.0,0.0064495388966239,1.0890887851801925,0.6779888321585147,0.0865874363327674,0.0818012143660558,0.1720956227393995
"rolls/buns, other vegetables",root vegetables,0.0426029486527707,0.1089984748347737,0.0122013218098627,0.2863961813842482,2.6275246678303,1.0,0.0075576653832465,1.2485941105158187,0.6469767771169641,0.087527352297593,0.1990992176097319,0.1991682399458554
root vegetables,"rolls/buns, other vegetables",0.1089984748347737,0.0426029486527707,0.0122013218098627,0.1119402985074626,2.6275246678303,1.0,0.0075576653832465,1.0780773519372162,0.6951881014873141,0.087527352297593,0.0724227735578691,0.1991682399458554
"whole milk, tropical fruit",root vegetables,0.0422979156075241,0.1089984748347737,0.011997966446365,0.2836538461538462,2.602365276980483,1.0,0.0073875581564549,1.2438142096266247,0.6429287358224721,0.0861313868613138,0.196021405560091,0.1968642365097589
root vegetables,"whole milk, tropical fruit",0.1089984748347737,0.0422979156075241,0.011997966446365,0.1100746268656716,2.6023652769804824,1.0,0.0073875581564549,1.0761599942020272,0.6910585145169308,0.0861313868613138,0.0707701406968766,0.1968642365097589
"rolls/buns, root vegetables",other vegetables,0.0243009659379766,0.1934926283680732,0.0122013218098627,0.502092050209205,2.594889812825817,1.0,0.0074992640386406,1.61979211613471,0.6299352160622481,0.059347181008902,0.3826368272576312,0.2825751895817439
other vegetables,"rolls/buns, root vegetables",0.1934926283680732,0.0243009659379766,0.0122013218098627,0.0630583289542827,2.594889812825817,1.0,0.0074992640386406,1.0413658226696751,0.7620850142881156,0.059347181008902,0.0397226620743403,0.2825751895817439
"whole milk, other vegetables",domestic eggs,0.0748347737671581,0.0634468734112862,0.0123029994916115,0.1644021739130435,2.5911784942865106,1.0,0.0075549670736444,1.1208180506817778,0.6637465383081784,0.0976594027441485,0.1077945261572883,0.1791562151616499
domestic eggs,"whole milk, other vegetables",0.0634468734112862,0.0748347737671581,0.0123029994916115,0.1939102564102564,2.5911784942865106,1.0,0.0075549670736444,1.1477198830403446,0.6556757954691256,0.0976594027441485,0.1287072614347589,0.1791562151616499
other vegetables,"yogurt, root vegetables",0.1934926283680732,0.0258261311642094,0.0129130655821047,0.0667367314766158,2.5840777719390435,1.0,0.0079158995825632,1.0438360767987105,0.7600857286938982,0.0625615763546798,0.0419951731627718,0.2833683657383079
"yogurt, root vegetables",other vegetables,0.0258261311642094,0.1934926283680732,0.0129130655821047,0.5,2.5840777719390435,1.0,0.0079158995825632,1.6130147432638535,0.6292662561319278,0.0625615763546798,0.380042864346949,0.2833683657383079
tropical fruit,"yogurt, whole milk",0.1049313675648195,0.0560244026436197,0.0151499745805795,0.1443798449612403,2.577088521222864,1.0,0.0092712573941824,1.1032647978162904,0.6837075829091211,0.103905160390516,0.0935992864275956,0.2073986339143769
"yogurt, whole milk",tropical fruit,0.0560244026436197,0.1049313675648195,0.0151499745805795,0.2704174228675136,2.577088521222864,1.0,0.0092712573941824,1.2268229265467274,0.6482849905589179,0.103905160390516,0.1848864425652614,0.2073986339143769
tropical fruit,pip fruit,0.1049313675648195,0.0756481952211489,0.02043721403152,0.1947674418604651,2.5746475681420358,1.0,0.0124993454531544,1.147931483191064,0.6832965695209061,0.1276190476190476,0.1288678682980611,0.2324643660915228
pip fruit,tropical fruit,0.0756481952211489,0.1049313675648195,0.02043721403152,0.2701612903225806,2.5746475681420358,1.0,0.0124993454531544,1.226392380353175,0.6616499506646725,0.1276190476190476,0.1846002828947609,0.2324643660915228
yogurt,"whole milk, tropical fruit",0.1395017793594306,0.0422979156075241,0.0151499745805795,0.108600583090379,2.5675161891679745,1.0,0.0092493400901349,1.0743804250093842,0.7094942295202091,0.0909090909090909,0.0692309942344067,0.2333868300067279
"whole milk, tropical fruit",yogurt,0.0422979156075241,0.1395017793594306,0.0151499745805795,0.3581730769230769,2.5675161891679745,1.0,0.0092493400901349,1.3407013475148946,0.6374827120107793,0.0909090909090909,0.254121731246421,0.2333868300067279
whipped/sour cream,butter,0.0716827656329435,0.0554143365531265,0.0101677681748856,0.1418439716312056,2.559698093564968,1.0,0.0061955152750427,1.1007155251736294,0.656380065717415,0.0869565217391304,0.0915000496224873,0.1626651050816578
butter,whipped/sour cream,0.0554143365531265,0.0716827656329435,0.0101677681748856,0.18348623853211,2.559698093564968,1.0,0.0061955152750427,1.1369278488315635,0.645075349838536,0.0869565217391304,0.1204367093059477,0.1626651050816578
other vegetables,"yogurt, whipped/sour cream",0.1934926283680732,0.0207422470767666,0.0101677681748856,0.0525486074619022,2.5334095803323957,1.0,0.006154296269742,1.033570440273385,0.750489157841654,0.0498256103637269,0.0324800700226153,0.2713723429466373
"yogurt, whipped/sour cream",other vegetables,0.0207422470767666,0.1934926283680732,0.0101677681748856,0.4901960784313725,2.5334095803323957,1.0,0.006154296269742,1.5819952289703176,0.6180957325303705,0.0498256103637269,0.367886842079242,0.2713723429466373
"other vegetables, whipped/sour cream",yogurt,0.0288764616166751,0.1395017793594306,0.0101677681748856,0.352112676056338,2.524073009485484,1.0,0.0061394503977551,1.3281602970756614,0.6217694482253167,0.0642673521850899,0.247078833630401,0.2124994867162156
yogurt,"other vegetables, whipped/sour cream",0.1395017793594306,0.0288764616166751,0.0101677681748856,0.0728862973760932,2.524073009485484,1.0,0.0061394503977551,1.0474697285078,0.7017038875103391,0.0642673521850899,0.0453184729027198,0.2124994867162156
"root vegetables, other vegetables",tropical fruit,0.0473817996949669,0.1049313675648195,0.0123029994916115,0.259656652360515,2.4745379612070404,1.0,0.0073311624519363,1.20899125424578,0.6255225382812493,0.0878721859114016,0.1728641572152295,0.1884523571880094
tropical fruit,"root vegetables, other vegetables",0.1049313675648195,0.0473817996949669,0.0123029994916115,0.1172480620155038,2.47453796120704,1.0,0.0073311624519363,1.0791459744399496,0.6657412996884046,0.0878721859114016,0.0733413053604953,0.1884523571880094
"other vegetables, tropical fruit",yogurt,0.0358922216573462,0.1395017793594306,0.0123029994916115,0.3427762039660056,2.4571457478175405,1.0,0.0072959707052487,1.30929255123328,0.615101078860163,0.0754364089775561,0.2362287564700065,0.2154843118955392
yogurt,"other vegetables, tropical fruit",0.1395017793594306,0.0358922216573462,0.0123029994916115,0.0881924198250728,2.4571457478175405,1.0,0.0072959707052487,1.0573588104605285,0.6891632316852258,0.0754364089775561,0.0542472525816907,0.2154843118955392
other vegetables,"root vegetables, whole milk",0.1934926283680732,0.0489069649211997,0.0231825114387391,0.1198108250131371,2.449770195434936,1.0,0.013719374250631,1.0805552511969891,0.7337793392962992,0.1057513914656771,0.0745498678644648,0.2969116495128056
"root vegetables, whole milk",other vegetables,0.0489069649211997,0.1934926283680732,0.0231825114387391,0.474012474012474,2.449770195434936,1.0,0.013719374250631,1.5333203389523984,0.6222298181845463,0.1057513914656771,0.3478205599990774,0.2969116495128056
yogurt,"whole milk, whipped/sour cream",0.1395017793594306,0.0322318251143873,0.0108795119471276,0.0779883381924198,2.4196066439193973,1.0,0.0063831149916685,1.049626826832459,0.6818255606317106,0.0676359039190897,0.047280448216269,0.2077638851845379
"whole milk, whipped/sour cream",yogurt,0.0322318251143873,0.1395017793594306,0.0108795119471276,0.3375394321766561,2.419606643919397,1.0,0.0063831149916685,1.2989425521098117,0.6062502332030014,0.0676359039190897,0.2301430125791578,0.2077638851845379
"whole milk, citrus fruit",yogurt,0.0305033045246568,0.1395017793594306,0.0102694458566344,0.3366666666666666,2.4133503401360543,1.0,0.0060141805991022,1.2972334984531195,0.60406423442554,0.0642902609802673,0.2291287565481113,0.2051409135082604
yogurt,"whole milk, citrus fruit",0.1395017793594306,0.0305033045246568,0.0102694458566344,0.0736151603498542,2.413350340136054,1.0,0.0060141805991022,1.0465377389395525,0.6805804649943903,0.0642902609802673,0.044468285478848,0.2051409135082604
pip fruit,"whole milk, other vegetables",0.0756481952211489,0.0748347737671581,0.0135231316725978,0.178763440860215,2.3887750555165965,1.0,0.0078620160973293,1.1265514375077486,0.62895468789673,0.0987379361544172,0.112335250122015,0.1797349812996727
"whole milk, other vegetables",pip fruit,0.0748347737671581,0.0756481952211489,0.0135231316725978,0.1807065217391304,2.3887750555165965,1.0,0.0078620160973293,1.128230395219294,0.6284016999306706,0.0987379361544172,0.1136562139813384,0.1797349812996727
root vegetables,"whole milk, yogurt",0.1089984748347737,0.0560244026436197,0.0145399084900864,0.1333955223880597,2.3810253406289785,1.0,0.0084333340484026,1.0892807754209253,0.6509673140963795,0.0966216216216216,0.0819630506986823,0.196461826529783
"whole milk, yogurt",root vegetables,0.0560244026436197,0.1089984748347737,0.0145399084900864,0.2595281306715063,2.3810253406289785,1.0,0.0084333340484026,1.2032888244265676,0.6144362961467659,0.0966216216216216,0.1689443301556846,0.196461826529783
other vegetables,onions,0.1934926283680732,0.0310116929334011,0.0142348754448398,0.0735680504466631,2.372268118501417,1.0,0.0082343414690124,1.0459357619669527,0.7172438945320943,0.0676982591876208,0.0439183395742846,0.2662922219446431
onions,other vegetables,0.0310116929334011,0.1934926283680732,0.0142348754448398,0.4590163934426229,2.372268118501417,1.0,0.0082343414690124,1.4908166566529557,0.5969757157847398,0.0676982591876208,0.3292267056868629,0.2662922219446431
other vegetables,"whole milk, pork",0.1934926283680732,0.0221657346212506,0.0101677681748856,0.0525486074619022,2.3707135522376546,1.0,0.0058788619233106,1.0320680016726345,0.7169011598587999,0.049480455220188,0.0310715976279306,0.2556321018960887
"whole milk, pork",other vegetables,0.0221657346212506,0.1934926283680732,0.0101677681748856,0.4587155963302751,2.370713552237654,1.0,0.0058788619233106,1.4899881950488136,0.5912925028595195,0.049480455220188,0.3288537430544951,0.2556321018960887
"whole milk, other vegetables",pork,0.0748347737671581,0.0576512455516014,0.0101677681748856,0.1358695652173913,2.3567498658078367,1.0,0.0058534502566366,1.090516797600663,0.6222529948345973,0.083125519534497,0.0830035794036516,0.1561182041254505
pork,"whole milk, other vegetables",0.0576512455516014,0.0748347737671581,0.0101677681748856,0.1763668430335097,2.3567498658078367,1.0,0.0058534502566366,1.1232734117216732,0.6109063444108761,0.083125519534497,0.1097447962671247,0.1561182041254505
"whole milk, whipped/sour cream",other vegetables,0.0322318251143873,0.1934926283680732,0.0146415861718352,0.4542586750788643,2.347679489963548,1.0,0.0084049656133523,1.4778198659382702,0.5931663106161426,0.0693641618497109,0.3233275427887834,0.2649643349120018
other vegetables,"whole milk, whipped/sour cream",0.1934926283680732,0.0322318251143873,0.0146415861718352,0.0756699947451392,2.347679489963547,1.0,0.0084049656133523,1.0469942221758504,0.7117696601669748,0.0693641618497109,0.0448848916073171,0.2649643349120018
"root vegetables, whole milk",tropical fruit,0.0489069649211997,0.1049313675648195,0.011997966446365,0.2453222453222453,2.337930506535158,1.0,0.0068660917337388,1.186027581821823,0.6016985391910649,0.0845878136200717,0.156849288054559,0.1798316652967815
tropical fruit,"root vegetables, whole milk",0.1049313675648195,0.0489069649211997,0.011997966446365,0.1143410852713178,2.337930506535158,1.0,0.0068660917337388,1.0738818514237656,0.6393602335105328,0.0845878136200717,0.0687988639772729,0.1798316652967815
cream cheese ,yogurt,0.0372140315200813,0.1395017793594306,0.0120996441281138,0.3251366120218579,2.330698672911788,1.0,0.0069082205139245,1.2750702378722607,0.5930124927782919,0.073502161828289,0.2157294788177919,0.2059356529497044
yogurt,cream cheese ,0.1395017793594306,0.0372140315200813,0.0120996441281138,0.086734693877551,2.330698672911788,1.0,0.0069082205139245,1.0542237420227043,0.6635041113219482,0.073502161828289,0.0514347570266885,0.2059356529497044
chicken,root vegetables,0.0429079816980172,0.1089984748347737,0.0108795119471276,0.2535545023696682,2.32622064440829,1.0,0.0062026073838053,1.1936591860943664,0.595677483218178,0.0771449170872386,0.1622399327634014,0.1766839676027445
root vegetables,chicken,0.1089984748347737,0.0429079816980172,0.0108795119471276,0.0998134328358208,2.32622064440829,1.0,0.0062026073838053,1.0632151747354668,0.6398621647304245,0.0771449170872386,0.0594566144630084,0.1766839676027445
yogurt,curd,0.1395017793594306,0.0532791052364006,0.0172852058973055,0.1239067055393585,2.325615360648076,1.0,0.0098526759141492,1.0806165287983849,0.6624142460954604,0.0984936268829663,0.0746023465771229,0.2241670932276945
curd,yogurt,0.0532791052364006,0.1395017793594306,0.0172852058973055,0.3244274809160305,2.325615360648076,1.0,0.0098526759141492,1.2737318294227638,0.6020848206106628,0.0984936268829663,0.2149053851836417,0.2241670932276945
"whole milk, pip fruit",other vegetables,0.0300965937976614,0.1934926283680732,0.0135231316725978,0.4493243243243243,2.3221779977560324,1.0,0.0076996626337621,1.4645778036996953,0.5870376223607556,0.0643756050338819,0.3172093708685993,0.2596069861243272
other vegetables,"whole milk, pip fruit",0.1934926283680732,0.0300965937976614,0.0135231316725978,0.06988964792433,2.3221779977560324,1.0,0.0076996626337621,1.0427831536740395,0.7059697276474091,0.0643756050338819,0.041027852745129,0.2596069861243272
citrus fruit,tropical fruit,0.0827656329435688,0.1049313675648195,0.0199288256227758,0.2407862407862408,2.294702207492905,1.0,0.0112441145706392,1.1789415320424546,0.6151247995041049,0.1187878787878788,0.1517815151803565,0.2153543607031979
tropical fruit,citrus fruit,0.1049313675648195,0.0827656329435688,0.0199288256227758,0.189922480620155,2.294702207492905,1.0,0.0112441145706392,1.1322797449787525,0.6303579252898479,0.1187878787878788,0.1168260278127951,0.2153543607031979
berries,yogurt,0.0332486019318759,0.1395017793594306,0.010574478901881,0.3180428134556575,2.279847718904075,1.0,0.0059362397711709,1.2618068078451397,0.5806810459208439,0.0652037617554859,0.2074856516999162,0.1969222813633972
yogurt,berries,0.1395017793594306,0.0332486019318759,0.010574478901881,0.075801749271137,2.279847718904075,1.0,0.0059362397711709,1.0460433108434275,0.6523827702487752,0.0652037617554859,0.0440166390493934,0.1969222813633972
whole milk,"yogurt, curd",0.2555160142348754,0.0172852058973055,0.0100660904931367,0.0393951452447274,2.2791250204817306,1.0,0.005649443577028,1.023016684995887,0.7538578905691717,0.038312693498452,0.022498836366466,0.310874043210599
"yogurt, curd",whole milk,0.0172852058973055,0.2555160142348754,0.0100660904931367,0.5823529411764706,2.27912502048173,1.0,0.005649443577028,1.7825672898601574,0.5711068261507993,0.038312693498452,0.439011359802047,0.310874043210599
other vegetables,root vegetables,0.1934926283680732,0.1089984748347737,0.0473817996949669,0.2448765107724645,2.246604928588796,1.0,0.0262913983110752,1.1799414769585426,0.688008479803653,0.1857313670785173,0.1525003404595673,0.339789001654889
root vegetables,other vegetables,0.1089984748347737,0.1934926283680732,0.0473817996949669,0.4347014925373134,2.2466049285887952,1.0,0.0262913983110752,1.4266929082333752,0.6227642658681474,0.1857313670785173,0.299078313048976,0.339789001654889
whole milk,"butter, other vegetables",0.2555160142348754,0.0200305033045246,0.0114895780376207,0.0449661758853959,2.2448849737709087,1.0,0.0063714636701301,1.0261097271648874,0.7448687795055754,0.0435117443203696,0.0254453558656224,0.3092851183995507
"butter, other vegetables",whole milk,0.0200305033045246,0.2555160142348754,0.0114895780376207,0.5736040609137055,2.2448849737709087,1.0,0.0063714636701301,1.7459922047110656,0.5658776928345945,0.0435117443203696,0.4272597567722335,0.3092851183995507
whole milk,"root vegetables, tropical fruit",0.2555160142348754,0.0210472801220132,0.011997966446365,0.0469558296856347,2.230969009459987,1.0,0.0066200493191032,1.0271850459513072,0.7411365330395049,0.0453497309761721,0.0264655779973221,0.3085020694321894
"root vegetables, tropical fruit",whole milk,0.0210472801220132,0.2555160142348754,0.011997966446365,0.570048309178744,2.230969009459987,1.0,0.0066200493191032,1.7315526410492226,0.5636270975192411,0.0453497309761721,0.4224836275297661,0.3085020694321894
"whole milk, yogurt",citrus fruit,0.0560244026436197,0.0827656329435688,0.0102694458566344,0.1833030852994555,2.2147246239805223,1.0,0.0056325507115499,1.1231025249957634,0.5810283634998572,0.0799050632911392,0.109609338645399,0.1536908546890398
citrus fruit,"whole milk, yogurt",0.0827656329435688,0.0560244026436197,0.0102694458566344,0.124078624078624,2.2147246239805223,1.0,0.0056325507115499,1.077694440740664,0.597967778154603,0.0799050632911392,0.0720931998937169,0.1536908546890398
frozen vegetables,root vegetables,0.0480935434672089,0.1089984748347737,0.0115912557193695,0.241014799154334,2.211175885898205,1.0,0.0063491328320439,1.1739379426271646,0.5754262284637037,0.0796645702306079,0.148166215871605,0.1736790413682118
root vegetables,frozen vegetables,0.1089984748347737,0.0480935434672089,0.0115912557193695,0.1063432835820895,2.2111758858982045,1.0,0.0063491328320439,1.0651813375815782,0.6147598255023614,0.0796645702306079,0.0611927145940878,0.1736790413682118
pip fruit,citrus fruit,0.0756481952211489,0.0827656329435688,0.0138281647178444,0.1827956989247312,2.208594224723257,1.0,0.0075670939593273,1.122405212319054,0.5920076093356714,0.0956399437412095,0.1090561688199458,0.1749359330004491
citrus fruit,pip fruit,0.0827656329435688,0.0756481952211489,0.0138281647178444,0.1670761670761671,2.208594224723257,1.0,0.0075670939593273,1.109767506032426,0.5966013941326448,0.0956399437412095,0.0989103622477289,0.1749359330004491
"whole milk, citrus fruit",other vegetables,0.0305033045246568,0.1934926283680732,0.0130147432638535,0.4266666666666666,2.2050796987213173,1.0,0.0071125786974659,1.4066989040091744,0.5636962506554798,0.0616867469879518,0.2891158177845015,0.2469644421089507
other vegetables,"whole milk, citrus fruit",0.1934926283680732,0.0305033045246568,0.0130147432638535,0.0672622175512348,2.2050796987213173,1.0,0.0071125786974659,1.0394096966138466,0.6776151979324256,0.0616867469879518,0.0379154598444043,0.2469644421089507
"yogurt, root vegetables",whole milk,0.0258261311642094,0.2555160142348754,0.0145399084900864,0.562992125984252,2.2033535849801504,1.0,0.0079409183919005,1.7035939854445192,0.5606251592056831,0.0544969512195121,0.4130056759157495,0.3099481123355402
whole milk,"yogurt, root vegetables",0.2555160142348754,0.0258261311642094,0.0145399084900864,0.0569040986868284,2.20335358498015,1.0,0.0079409183919005,1.0329531360271482,0.7335905012769256,0.0544969512195121,0.0319018693857591,0.3099481123355402
whipped/sour cream,root vegetables,0.0716827656329435,0.1089984748347737,0.0170818505338078,0.2382978723404255,2.186249603048587,1.0,0.0092685384078784,1.1697506056638445,0.5844938194335786,0.1044126786824114,0.1451169205144454,0.1975071451254366
root vegetables,whipped/sour cream,0.1089984748347737,0.0716827656329435,0.0170818505338078,0.1567164179104477,2.186249603048587,1.0,0.0092685384078784,1.100836366417571,0.6089727914445477,0.1044126786824114,0.0915997776724264,0.1975071451254366
"whole milk, other vegetables",tropical fruit,0.0748347737671581,0.1049313675648195,0.0170818505338078,0.2282608695652174,2.175334934277048,1.0,0.009229335381016,1.1598072420286845,0.5840045216899816,0.105,0.1377877601015464,0.195525783619818
tropical fruit,"whole milk, other vegetables",0.1049313675648195,0.0748347737671581,0.0170818505338078,0.1627906976744186,2.175334934277048,1.0,0.009229335381016,1.1050584646670056,0.6036416156829653,0.105,0.0950705035309272,0.195525783619818
"yogurt, tropical fruit",other vegetables,0.0292831723436705,0.1934926283680732,0.0123029994916115,0.4201388888888889,2.171343127809891,1.0,0.0066369215078795,1.390863012155658,0.5557290724358913,0.0584541062801932,0.2810219329579201,0.2418613519588953
other vegetables,"yogurt, tropical fruit",0.1934926283680732,0.0292831723436705,0.0123029994916115,0.0635838150289017,2.171343127809891,1.0,0.0066369215078795,1.0366296986700307,0.6688786503461239,0.0584541062801932,0.0353353745479468,0.2418613519588953
root vegetables,pork,0.1089984748347737,0.0576512455516014,0.0136248093543467,0.125,2.16820987654321,1.0,0.0073409115168971,1.0769700050838842,0.6047015862147667,0.0890365448504983,0.0714690332326284,0.1806657848324515
pork,root vegetables,0.0576512455516014,0.1089984748347737,0.0136248093543467,0.2363315696649029,2.16820987654321,1.0,0.0073409115168971,1.166738717710585,0.5717522658610272,0.0890365448504983,0.1429100750489924,0.1806657848324515
whole milk,"domestic eggs, other vegetables",0.2555160142348754,0.0222674123029994,0.0123029994916115,0.0481496219657779,2.162335762709709,1.0,0.0066133190526245,1.027191468596389,0.7220264526018046,0.0463423975488318,0.026471665144907,0.3003305187454461
"domestic eggs, other vegetables",whole milk,0.0222674123029994,0.2555160142348754,0.0123029994916115,0.5525114155251142,2.1623357627097084,1.0,0.0066133190526245,1.663693804924105,0.5497792934640613,0.0463423975488318,0.3989278573735998,0.3003305187454461
other vegetables,chicken,0.1934926283680732,0.0429079816980172,0.0178952719877986,0.0924855491329479,2.1554392789633727,1.0,0.0095928938310801,1.0546300583837134,0.6646652798789713,0.08189855746859,0.0518002098929717,0.2547735802536777
chicken,other vegetables,0.0429079816980172,0.1934926283680732,0.0178952719877986,0.4170616113744075,2.1554392789633723,1.0,0.0095928938310801,1.383520775726313,0.5600897694677572,0.08189855746859,0.2772063726509453,0.2547735802536777
other vegetables,"whole milk, butter",0.1934926283680732,0.02755465175394,0.0114895780376207,0.0593799264319495,2.154987367004516,1.0,0.0061579560459839,1.033834356263828,0.6645446472003178,0.0548277535177098,0.0327270573461129,0.2381770480868234
"whole milk, butter",other vegetables,0.02755465175394,0.1934926283680732,0.0114895780376207,0.4169741697416974,2.154987367004516,1.0,0.0061579560459839,1.3833132766598235,0.5511468153066625,0.0548277535177098,0.2770979525226417,0.2381770480868234
hamburger meat,other vegetables,0.0332486019318759,0.1934926283680732,0.0138281647178444,0.4159021406727828,2.149446954028807,1.0,0.0073948053404819,1.38077440064733,0.5531557017001163,0.0649474689589302,0.2757687283808395,0.2436841234104849
other vegetables,hamburger meat,0.1934926283680732,0.0332486019318759,0.0138281647178444,0.071466106148187,2.149446954028807,1.0,0.0073948053404819,1.041158975961313,0.6630615748568717,0.0649474689589302,0.0395318840941754,0.2436841234104849
butter,root vegetables,0.0554143365531265,0.1089984748347737,0.0129130655821047,0.2330275229357798,2.137897097083391,1.0,0.006872987413833,1.1617125148685368,0.5634752464338083,0.085234899328859,0.1392018359093226,0.1757488360947555
root vegetables,butter,0.1089984748347737,0.0554143365531265,0.0129130655821047,0.1184701492537313,2.1378970970833904,1.0,0.006872987413833,1.0715299801217442,0.5973622092171721,0.085234899328859,0.0667549965457963,0.1757488360947555
"whole milk, other vegetables",yogurt,0.0748347737671581,0.1395017793594306,0.0222674123029994,0.2975543478260869,2.132978870896184,1.0,0.0118278282045204,1.225003269615975,0.5741375563876003,0.115934356802541,0.1836756482180745,0.2285876695398656
yogurt,"whole milk, other vegetables",0.1395017793594306,0.0748347737671581,0.0222674123029994,0.1596209912536443,2.132978870896184,1.0,0.0118278282045204,1.1008904513369115,0.6172843702671365,0.115934356802541,0.0916444058665338,0.2285876695398656
"whole milk, root vegetables",yogurt,0.0489069649211997,0.1395017793594306,0.0145399084900864,0.2972972972972973,2.1311362382790957,1.0,0.0077172998605097,1.2245551601423488,0.5580597508115147,0.083625730994152,0.1833769253124092,0.2007623512725553
yogurt,"whole milk, root vegetables",0.1395017793594306,0.0489069649211997,0.0145399084900864,0.1042274052478133,2.1311362382790957,1.0,0.0077172998605097,1.0617572368821104,0.616813294232649,0.083625730994152,0.0581651198003255,0.2007623512725553
"whole milk, domestic eggs",other vegetables,0.0299949161159125,0.1934926283680732,0.0123029994916115,0.4101694915254237,2.119819731556775,1.0,0.0064992043346637,1.3673544519047034,0.5445969125214408,0.05825710158883,0.2686607348906382,0.2368766532771627
other vegetables,"whole milk, domestic eggs",0.1934926283680732,0.0299949161159125,0.0123029994916115,0.0635838150289017,2.119819731556775,1.0,0.0064992043346637,1.0358696266169576,0.6549993123366801,0.05825710158883,0.0346275493510742,0.2368766532771627
citrus fruit,"whole milk, other vegetables",0.0827656329435688,0.0748347737671581,0.0130147432638535,0.1572481572481572,2.1012712317060145,1.0,0.0068209958468259,1.0977908078039844,0.5713889812659351,0.0900140646976089,0.0890796380410623,0.165580600363209
"whole milk, other vegetables",citrus fruit,0.0748347737671581,0.0827656329435688,0.0130147432638535,0.1739130434782608,2.1012712317060145,1.0,0.0068209958468259,1.1103363390683114,0.566490823167381,0.0900140646976089,0.0993719967419017,0.165580600363209
"whole milk, tropical fruit",other vegetables,0.0422979156075241,0.1934926283680732,0.0170818505338078,0.4038461538461539,2.087139738873843,1.0,0.008897515668417,1.3528510749954905,0.5438804038443067,0.0781032078103207,0.260820338259824,0.2460639071910748
other vegetables,"whole milk, tropical fruit",0.1934926283680732,0.0422979156075241,0.0170818505338078,0.0882816605359958,2.087139738873843,1.0,0.008897515668417,1.0504363496247155,0.6458408375957545,0.0781032078103207,0.0480146651843633,0.2460639071910748
other vegetables,whipped/sour cream,0.1934926283680732,0.0716827656329435,0.0288764616166751,0.1492380451918024,2.081923651718265,1.0,0.0150063748856643,1.0911597881411417,0.6443524358455321,0.1222030981067125,0.0835439402476864,0.2760374623122132
whipped/sour cream,other vegetables,0.0716827656329435,0.1934926283680732,0.0288764616166751,0.4028368794326241,2.081923651718265,1.0,0.0150063748856643,1.3505646009513264,0.5598032334202366,0.1222030981067125,0.2595689245108243,0.2760374623122132
whipped/sour cream,yogurt,0.0716827656329435,0.1395017793594306,0.0207422470767666,0.2893617021276596,2.07425097698654,1.0,0.0107423737215659,1.210880729643915,0.5578893112557181,0.1089161772557394,0.1741548316702744,0.2190248743874449
yogurt,whipped/sour cream,0.1395017793594306,0.0716827656329435,0.0207422470767666,0.1486880466472303,2.07425097698654,1.0,0.0107423737215659,1.090454833520207,0.6018586094487423,0.1089161772557394,0.0829514719359813,0.2190248743874449
domestic eggs,root vegetables,0.0634468734112862,0.1089984748347737,0.0143365531265887,0.2259615384615384,2.0730706443742823,1.0,0.0074209406917235,1.1511075604619072,0.5526902385445709,0.0906752411575562,0.1312714516454673,0.1787456946039035
root vegetables,domestic eggs,0.1089984748347737,0.0634468734112862,0.0143365531265887,0.1315298507462686,2.0730706443742823,1.0,0.0074209406917235,1.078394147908809,0.5809459987714302,0.0906752411575562,0.072695264584687,0.1787456946039035
root vegetables,"whole milk, rolls/buns",0.1089984748347737,0.0566344687341128,0.012709710218607,0.1166044776119403,2.058895937726092,1.0,0.006536639503511,1.067885796744489,0.5772187606983908,0.0831117021276595,0.0635702777876086,0.1705104973337978
"whole milk, rolls/buns",root vegetables,0.0566344687341128,0.1089984748347737,0.012709710218607,0.2244165170556553,2.058895937726091,1.0,0.006536639503511,1.148814466474609,0.5451787023065315,0.0831117021276595,0.1295374238551147,0.1705104973337978
other vegetables,"yogurt, whole milk",0.1934926283680732,0.0560244026436197,0.0222674123029994,0.1150814503415659,2.0541307878571704,1.0,0.0114271033827342,1.06673726945914,0.6362943466957725,0.097986577181208,0.062562049128533,0.2562703077479154
"yogurt, whole milk",other vegetables,0.0560244026436197,0.1934926283680732,0.0222674123029994,0.3974591651542649,2.0541307878571704,1.0,0.0114271033827342,1.3385107282204567,0.5436327830666595,0.097986577181208,0.2529010198300801,0.2562703077479154
whole milk,"yogurt, whipped/sour cream",0.2555160142348754,0.0207422470767666,0.0108795119471276,0.0425785913251094,2.052747282757114,1.0,0.0055795356477971,1.0228074534896447,0.6888636729150658,0.0409961685823754,0.0222988729812533,0.283544197623339
"yogurt, whipped/sour cream",whole milk,0.0207422470767666,0.2555160142348754,0.0108795119471276,0.5245098039215685,2.0527472827571134,1.0,0.0055795356477971,1.5657188978977874,0.5237109140363525,0.0409961685823754,0.3613157500093726,0.283544197623339
"rolls/buns, root vegetables",whole milk,0.0243009659379766,0.2555160142348754,0.012709710218607,0.5230125523012552,2.04688756541299,1.0,0.0065004242600777,1.5608041455953048,0.524191746561067,0.0475827940616673,0.3593046233109594,0.2863769486536121
whole milk,"rolls/buns, root vegetables",0.2555160142348754,0.0243009659379766,0.012709710218607,0.0497413450059689,2.04688756541299,1.0,0.0065004242600777,1.026772057201786,0.6869904397705545,0.0475827940616673,0.0260740025149754,0.2863769486536121
other vegetables,"fruit/vegetable juice, whole milk",0.1934926283680732,0.0266395526182003,0.0104728012201321,0.0541250656857593,2.0317558054177214,1.0,0.005318244165487,1.0290582952042029,0.6296469015760175,0.0499515033947623,0.0282377542065646,0.2236274183390628
"fruit/vegetable juice, whole milk",other vegetables,0.0266395526182003,0.1934926283680732,0.0104728012201321,0.3931297709923664,2.0317558054177214,1.0,0.005318244165487,1.3289618325004078,0.5217130704377908,0.0499515033947623,0.2475329422226328,0.2236274183390628
"pip fruit, other vegetables",whole milk,0.026131164209456,0.2555160142348754,0.0135231316725978,0.5175097276264592,2.0253514409893456,1.0,0.0068462007464806,1.543003099529331,0.5198426217977603,0.0504361016306408,0.3519131618691923,0.2852172593564051
whole milk,"pip fruit, other vegetables",0.2555160142348754,0.026131164209456,0.0135231316725978,0.0529247910863509,2.0253514409893456,1.0,0.0068462007464806,1.0282909177906037,0.6800126511306948,0.0504361016306408,0.0275125621564274,0.2852172593564051
whole milk,"yogurt, tropical fruit",0.2555160142348754,0.0292831723436705,0.0151499745805795,0.0592916832471149,2.024769808108944,1.0,0.0076676550991719,1.0318999102793385,0.6798221412347453,0.0561840120663649,0.0309137639819185,0.288326397179113
"yogurt, tropical fruit",whole milk,0.0292831723436705,0.2555160142348754,0.0151499745805795,0.517361111111111,2.024769808108944,1.0,0.0076676550991719,1.5425279705061572,0.5213844891715518,0.0561840120663649,0.3517135383471425,0.288326397179113
"yogurt, other vegetables",whole milk,0.0434163701067615,0.2555160142348754,0.0222674123029994,0.5128805620608898,2.0072345116867694,1.0,0.0111738344607735,1.528339720777443,0.5245773537725591,0.0804851157662624,0.3456952100339868,0.3000136992556737
whole milk,"yogurt, other vegetables",0.2555160142348754,0.0434163701067615,0.0222674123029994,0.0871468364504576,2.0072345116867694,1.0,0.0111738344607735,1.0479052580303871,0.6740267337192346,0.0804851157662624,0.045715256854831,0.3000136992556737
tropical fruit,yogurt,0.1049313675648195,0.1395017793594306,0.0292831723436705,0.2790697674418604,2.0004746084480303,1.0,0.0146450598577597,1.1935943060498222,0.5587489113559772,0.1361058601134215,0.1621943947525342,0.2444911519425045
yogurt,tropical fruit,0.1395017793594306,0.1049313675648195,0.0292831723436705,0.2099125364431486,2.0004746084480303,1.0,0.0146450598577597,1.132872844742682,0.5811965811965812,0.1361058601134215,0.1172884012175811,0.2444911519425045
"other vegetables, whipped/sour cream",whole milk,0.0288764616166751,0.2555160142348754,0.0146415861718352,0.5070422535211268,1.9843854211620695,1.0,0.007263187794336,1.5102389425521097,0.5108162030735582,0.0542781756502073,0.3378531225594484,0.2821721414840015
whole milk,"other vegetables, whipped/sour cream",0.2555160142348754,0.0288764616166751,0.0146415861718352,0.0573020294468762,1.9843854211620693,1.0,0.007263187794336,1.030153419990416,0.6663214361589123,0.0542781756502073,0.0292708051104625,0.2821721414840015
domestic eggs,citrus fruit,0.0634468734112862,0.0827656329435688,0.0103711235383833,0.1634615384615384,1.9749929124929129,1.0,0.0051199029022077,1.0964640709640097,0.5271127232784331,0.0763473053892215,0.0879774116804379,0.1443843318843319
citrus fruit,domestic eggs,0.0827656329435688,0.0634468734112862,0.0103711235383833,0.1253071253071253,1.9749929124929124,1.0,0.0051199029022077,1.0707222542741757,0.538214753809738,0.0763473053892215,0.0660509800668306,0.1443843318843319
"whole milk, rolls/buns",yogurt,0.0566344687341128,0.1395017793594306,0.0155566853075749,0.2746858168761221,1.9690488403619972,1.0,0.0076560761460902,1.1863799725168247,0.5216859899093645,0.0861486486486486,0.1570997292894553,0.1931009259307724
yogurt,"whole milk, rolls/buns",0.1395017793594306,0.0566344687341128,0.0155566853075749,0.1115160349854227,1.9690488403619972,1.0,0.0076560761460902,1.0617699006536483,0.5719251582629192,0.0861486486486486,0.0581763531021375,0.1931009259307724
root vegetables,citrus fruit,0.1089984748347737,0.0827656329435688,0.0176919166243009,0.1623134328358209,1.961121144889802,1.0,0.0086705888647172,1.094961293412577,0.5500412523397096,0.1016355140186916,0.0867257080080145,0.1880363232975173
citrus fruit,root vegetables,0.0827656329435688,0.1089984748347737,0.0176919166243009,0.2137592137592137,1.9611211448898016,1.0,0.0086705888647172,1.133242564819522,0.5343101091068478,0.1016355140186916,0.1175763856352696,0.1880363232975173
yogurt,"root vegetables, other vegetables",0.1395017793594306,0.0473817996949669,0.0129130655821047,0.0925655976676384,1.9536108434790225,1.0,0.0063032202154047,1.0497929082879562,0.5672612883687306,0.0742255990648743,0.0474311722767877,0.1825488932544201
"root vegetables, other vegetables",yogurt,0.0473817996949669,0.1395017793594306,0.0129130655821047,0.2725321888412017,1.9536108434790225,1.0,0.0063032202154047,1.1828677605265645,0.5124060501082897,0.0742255990648743,0.1545969605640102,0.1825488932544201
"fruit/vegetable juice, other vegetables",whole milk,0.0210472801220132,0.2555160142348754,0.0104728012201321,0.4975845410628019,1.9473712540201575,1.0,0.0050948840928704,1.4818094716671228,0.4969466079920619,0.0393580435613297,0.3251494074505131,0.2692857046738601
whole milk,"fruit/vegetable juice, other vegetables",0.2555160142348754,0.0210472801220132,0.0104728012201321,0.0409868682849184,1.9473712540201575,1.0,0.0050948840928704,1.0207917780304483,0.6534556052646234,0.0393580435613297,0.0203682851664076,0.2692857046738601
whole milk,butter,0.2555160142348754,0.0554143365531265,0.02755465175394,0.1078392359729407,1.9460530014566453,1.0,0.0133954013464151,1.0587617182167677,0.652988365447708,0.0972371725870111,0.0555004182770583,0.3025434711974795
butter,whole milk,0.0554143365531265,0.2555160142348754,0.02755465175394,0.4972477064220184,1.9460530014566453,1.0,0.0133954013464151,1.4808166870145727,0.5146588602592161,0.0972371725870111,0.3246969670391356,0.3025434711974795
other vegetables,beef,0.1934926283680732,0.0524656837824097,0.019725470259278,0.1019442984760903,1.9430662316130791,1.0,0.0095737472050914,1.0550952625875214,0.601791776491934,0.087191011235955,0.0522182825960241,0.2389566453620761
beef,other vegetables,0.0524656837824097,0.1934926283680732,0.019725470259278,0.3759689922480619,1.943066231613079,1.0,0.0095737472050914,1.2924155396337709,0.5122236689702779,0.087191011235955,0.2262550477508433,0.2389566453620761
other vegetables,pork,0.1934926283680732,0.0576512455516014,0.0216573462125063,0.1119285338938518,1.9414764212452076,1.0,0.0105022551820338,1.061118153677694,0.6012692392377462,0.0943730615861763,0.0575978777347898,0.2437949547776137
pork,other vegetables,0.0576512455516014,0.1934926283680732,0.0216573462125063,0.3756613756613756,1.9414764212452071,1.0,0.0105022551820338,1.2917787562579164,0.5145951236117612,0.0943730615861763,0.2258736295549205,0.2437949547776137
"whole milk, other vegetables",fruit/vegetable juice,0.0748347737671581,0.0722928317234367,0.0104728012201321,0.139945652173913,1.935816440408488,1.0,0.0050627835131215,1.078661099291549,0.5225251467941106,0.0766369047619047,0.0729247576863694,0.1424060187733137
fruit/vegetable juice,"whole milk, other vegetables",0.0722928317234367,0.0748347737671581,0.0104728012201321,0.1448663853727144,1.935816440408488,1.0,0.0050627835131215,1.0818955194926818,0.5210934141472613,0.0766369047619047,0.0756963292824098,0.1424060187733137
yogurt,"rolls/buns, other vegetables",0.1395017793594306,0.0426029486527707,0.0114895780376207,0.0823615160349854,1.933235107885636,1.0,0.0055463908946007,1.0433270488073063,0.5609916774632733,0.067342073897497,0.041527772961351,0.1760256267525762
"rolls/buns, other vegetables",yogurt,0.0426029486527707,0.1395017793594306,0.0114895780376207,0.269689737470167,1.933235107885636,1.0,0.0055463908946007,1.178263903426139,0.5042133141856077,0.067342073897497,0.1512936982180187,0.1760256267525762
curd,whole milk,0.0532791052364006,0.2555160142348754,0.026131164209456,0.4904580152671756,1.9194805332879712,1.0,0.0125174995974504,1.4610846761832408,0.5059840939568988,0.0924460431654676,0.3155769707938639,0.2963631102997239
whole milk,curd,0.2555160142348754,0.0532791052364006,0.026131164209456,0.1022682053322721,1.919480533287971,1.0,0.0125174995974504,1.0545698619418995,0.6434332011516914,0.0924460431654676,0.0517460852156478,0.2963631102997239
other vegetables,butter milk,0.1934926283680732,0.0279613624809354,0.0103711235383833,0.0535995796111403,1.9169158744566,1.0,0.0049608060191946,1.027090242753348,0.5930865790592585,0.0491329479768786,0.0263757181459795,0.2122543352601156
butter milk,other vegetables,0.0279613624809354,0.1934926283680732,0.0103711235383833,0.3709090909090909,1.9169158744565995,1.0,0.0049608060191946,1.2820203884322534,0.4920881532529329,0.0491329479768786,0.2199812038692523,0.2122543352601156
whole milk,"root vegetables, other vegetables",0.2555160142348754,0.0473817996949669,0.0231825114387391,0.0907282132908873,1.9148325702057456,1.0,0.011075702833406,1.0476715699634784,0.6417345946127269,0.0828789531079607,0.0455023991584883,0.2899992997784909
"root vegetables, other vegetables",whole milk,0.0473817996949669,0.2555160142348754,0.0231825114387391,0.4892703862660944,1.9148325702057452,1.0,0.011075702833406,1.4576871317922186,0.5015242503740406,0.0828789531079607,0.3139817329864843,0.2899992997784909
frozen vegetables,other vegetables,0.0480935434672089,0.1934926283680732,0.0177935943060498,0.3699788583509514,1.912108287904155,1.0,0.0084878481730453,1.2801274724224878,0.5011175878170111,0.0795093139482053,0.2188277952447815,0.2309694607046402
other vegetables,frozen vegetables,0.1934926283680732,0.0480935434672089,0.0177935943060498,0.0919600630583289,1.912108287904155,1.0,0.0084878481730453,1.048309020128415,0.5914602694330381,0.0795093139482053,0.04608280497529,0.2309694607046402
yogurt,butter,0.1395017793594306,0.0554143365531265,0.0146415861718352,0.1049562682215743,1.894027335704924,1.0,0.0069111876206517,1.0553514089976468,0.5485479275801857,0.0812182741116751,0.052448320555348,0.1845882258539064
butter,yogurt,0.0554143365531265,0.1395017793594306,0.0146415861718352,0.2642201834862385,1.894027335704924,1.0,0.0069111876206517,1.1695050629653625,0.4997159430690108,0.0812182741116751,0.1449374340762325,0.1845882258539064
root vegetables,pip fruit,0.1089984748347737,0.0756481952211489,0.0155566853075749,0.1427238805970149,1.8866792549350024,1.0,0.0073111474044665,1.078242801657158,0.5274606019516102,0.0920024052916416,0.0725651045728348,0.1741845209436687
pip fruit,root vegetables,0.0756481952211489,0.1089984748347737,0.0155566853075749,0.2056451612903225,1.8866792549350024,1.0,0.0073111474044665,1.121666894624244,0.5084300137390783,0.0920024052916416,0.1084697205626295,0.1741845209436687
citrus fruit,yogurt,0.0827656329435688,0.1395017793594306,0.0216573462125063,0.2616707616707617,1.8757521436092863,1.0,0.0101113931470689,1.165466807989057,0.5090089738445452,0.1079574252407501,0.1419747064908355,0.2084592875409202
yogurt,citrus fruit,0.1395017793594306,0.0827656329435688,0.0216573462125063,0.1552478134110786,1.875752143609286,1.0,0.0101113931470689,1.0858028918045068,0.5425700050870428,0.1079574252407501,0.0790225301959825,0.2084592875409202
yogurt,"whole milk, soda",0.1395017793594306,0.0400610066090493,0.0104728012201321,0.075072886297376,1.8739640526261263,1.0,0.0048842195152398,1.0378536634612958,0.5419788479606832,0.0619362597714972,0.0364730258166183,0.1682471030471651
"whole milk, soda",yogurt,0.0400610066090493,0.1395017793594306,0.0104728012201321,0.2614213197969542,1.873964052626126,1.0,0.0048842195152398,1.1650731922075062,0.4858348681592269,0.0619362597714972,0.1416848257359146,0.1682471030471651
root vegetables,curd,0.1089984748347737,0.0532791052364006,0.0108795119471276,0.0998134328358208,1.8734067021761425,1.0,0.0050721707357985,1.051694092421325,0.5232461037859906,0.0718603089321692,0.0491531642079581,0.1520059530591318
curd,root vegetables,0.0532791052364006,0.1089984748347737,0.0108795119471276,0.2041984732824427,1.8734067021761425,1.0,0.0050721707357985,1.1196278157951525,0.4924503928124407,0.0718603089321692,0.1068460555440858,0.1520059530591318
other vegetables,butter,0.1934926283680732,0.0554143365531265,0.0200305033045246,0.1035207566999474,1.868122279163272,1.0,0.0093082376755872,1.053661499143845,0.5761920486572415,0.0875166592625499,0.0509285944180821,0.2324943233041022
butter,other vegetables,0.0554143365531265,0.1934926283680732,0.0200305033045246,0.3614678899082569,1.868122279163272,1.0,0.0093082376755872,1.2630647055729889,0.4919650516629966,0.0875166592625499,0.2082749240100487,0.2324943233041022
whole milk,"other vegetables, tropical fruit",0.2555160142348754,0.0358922216573462,0.0170818505338078,0.0668523676880222,1.8625865048490065,1.0,0.007910813113888,1.0331781863433216,0.6220579532004006,0.0622683469236471,0.0321127437472789,0.2713865237873539
"other vegetables, tropical fruit",whole milk,0.0358922216573462,0.2555160142348754,0.0170818505338078,0.4759206798866855,1.862586504849006,1.0,0.007910813113888,1.4205559295950754,0.4803531252197144,0.0622683469236471,0.2960502440160547,0.2713865237873539
whole milk,"yogurt, citrus fruit",0.2555160142348754,0.0216573462125063,0.0102694458566344,0.0401910067648229,1.855767847568232,1.0,0.00473564707351,1.0193097383780976,0.6194082123317494,0.0384761904761904,0.0189439359314106,0.2571847052603457
"yogurt, citrus fruit",whole milk,0.0216573462125063,0.2555160142348754,0.0102694458566344,0.4741784037558685,1.855767847568232,1.0,0.00473564707351,1.4158490086426028,0.4713476336201485,0.0384761904761904,0.293709997396745,0.2571847052603457
yogurt,fruit/vegetable juice,0.1395017793594306,0.0722928317234367,0.0187086934417895,0.1341107871720116,1.855104911162777,1.0,0.0086237147814382,1.0713924535988593,0.5356744704570792,0.0968931016324381,0.0666352029632545,0.1964506115888187
fruit/vegetable juice,yogurt,0.0722928317234367,0.1395017793594306,0.0187086934417895,0.2587904360056259,1.855104911162777,1.0,0.0086237147814382,1.1609378270881303,0.4968668394868764,0.0968931016324381,0.1386274297666702,0.1964506115888187
whole milk,domestic eggs,0.2555160142348754,0.0634468734112862,0.0299949161159125,0.1173895742140867,1.8502026640954212,1.0,0.013783223906196,1.061117225932118,0.6172310982921216,0.1038001407459535,0.0575970537830358,0.2950729922352485
domestic eggs,whole milk,0.0634468734112862,0.2555160142348754,0.0299949161159125,0.4727564102564102,1.8502026640954212,1.0,0.013783223906196,1.4120304167703273,0.4906488005314205,0.1038001407459535,0.2917999583272049,0.2950729922352485
frozen vegetables,yogurt,0.0480935434672089,0.1395017793594306,0.0124046771733604,0.2579281183932346,1.8489235017474217,1.0,0.0056955422839846,1.1595887702649268,0.4823422905992483,0.0708067324434126,0.137625315419764,0.1734247005960342
yogurt,frozen vegetables,0.1395017793594306,0.0480935434672089,0.0124046771733604,0.0889212827988338,1.8489235017474217,1.0,0.0056955422839846,1.0448125266903914,0.5335801163405605,0.0708067324434126,0.042890495228213,0.1734247005960342
"rolls/buns, whole milk",tropical fruit,0.0566344687341128,0.1049313675648195,0.0109811896288764,0.1938958707360862,1.8478351634587284,1.0,0.0050384573732989,1.110363537341638,0.4863715839141577,0.0729237002025658,0.0993940575587195,0.1492735167633919
tropical fruit,"rolls/buns, whole milk",0.1049313675648195,0.0566344687341128,0.0109811896288764,0.1046511627906976,1.8478351634587284,1.0,0.0050384573732989,1.0536290349203414,0.5126156487056182,0.0729237002025658,0.05089935180497,0.1492735167633919
tropical fruit,root vegetables,0.1049313675648195,0.1089984748347737,0.0210472801220132,0.2005813953488372,1.8402220366192292,1.0,0.0096099210951208,1.1145619078430469,0.5101143055644733,0.1091196626251976,0.1027864912993054,0.1968392051371051
root vegetables,tropical fruit,0.1089984748347737,0.1049313675648195,0.0210472801220132,0.1930970149253731,1.8402220366192288,1.0,0.0096099210951208,1.1092642473647554,0.5124427972023347,0.1091196626251976,0.0985015496752294,0.1968392051371051
tropical fruit,whipped/sour cream,0.1049313675648195,0.0716827656329435,0.0138281647178444,0.1317829457364341,1.8384188245642972,1.0,0.0063063940891512,1.069222528869199,0.5095188137733795,0.084946908182386,0.064740993572599,0.1623453735774369
whipped/sour cream,tropical fruit,0.0716827656329435,0.1049313675648195,0.0138281647178444,0.1929078014184397,1.8384188245642967,1.0,0.0063063940891512,1.1090041930875258,0.4912698924038399,0.084946908182386,0.098290154146354,0.1623453735774369
"other vegetables, pork",whole milk,0.0216573462125063,0.2555160142348754,0.0101677681748856,0.4694835680751174,1.837393908483398,1.0,0.0046339693917612,1.403319371397978,0.4658397422573268,0.038080731150038,0.287403836659216,0.2546383220399463
whole milk,"other vegetables, pork",0.2555160142348754,0.0216573462125063,0.0101677681748856,0.0397930760047751,1.837393908483398,1.0,0.0046339693917612,1.0188873141185129,0.6121701720841299,0.038080731150038,0.0185371962696906,0.2546383220399463
curd,tropical fruit,0.0532791052364006,0.1049313675648195,0.0102694458566344,0.1927480916030534,1.836896783833363,1.0,0.004678796481549,1.108784783442162,0.4812438391299123,0.0694158075601374,0.098111721108262,0.1453081543286585
tropical fruit,curd,0.1049313675648195,0.0532791052364006,0.0102694458566344,0.0978682170542635,1.836896783833363,1.0,0.004678796481549,1.0494263838840328,0.5090152659478149,0.0694158075601374,0.0470984765039933,0.1453081543286585
whipped/sour cream,citrus fruit,0.0716827656329435,0.0827656329435688,0.0108795119471276,0.15177304964539,1.8337689720668444,1.0,0.0049466424783715,1.0813548976166956,0.4897841152204399,0.0757790368271954,0.0752342249487209,0.1416113405475107
citrus fruit,whipped/sour cream,0.0827656329435688,0.0716827656329435,0.0108795119471276,0.1314496314496314,1.8337689720668444,1.0,0.0049466424783715,1.068812204773386,0.4957021363443761,0.0757790368271954,0.0643819414356106,0.1416113405475107
whole milk,"pastry, other vegetables",0.2555160142348754,0.022572445348246,0.010574478901881,0.0413847990449661,1.833421164897488,1.0,0.0048068576349626,1.0196245101037185,0.6105861156052359,0.0395286963131888,0.0192468010618165,0.2549266337567173
"pastry, other vegetables",whole milk,0.022572445348246,0.2555160142348754,0.010574478901881,0.4684684684684684,1.833421164897488,1.0,0.0048068576349626,1.400639363049641,0.4650693371956244,0.0395286963131888,0.2860403424456961,0.2549266337567173
tropical fruit,napkins,0.1049313675648195,0.0523640061006609,0.0100660904931367,0.0959302325581395,1.831988033416121,1.0,0.0045714637218218,1.0481890093291724,0.5073855675923153,0.0683701657458563,0.0459735876834015,0.1440816211334387
napkins,tropical fruit,0.0523640061006609,0.1049313675648195,0.0100660904931367,0.1922330097087378,1.831988033416121,1.0,0.0045714637218218,1.1080777540964373,0.4792398231239433,0.0683701657458563,0.097536254741047,0.1440816211334387
cream cheese ,other vegetables,0.0372140315200813,0.1934926283680732,0.0131164209456024,0.3524590163934426,1.821563019563588,1.0,0.0059157801746095,1.245492396697406,0.4684539758870439,0.0602803738317757,0.1971046931706389,0.2101233600096482
other vegetables,cream cheese ,0.1934926283680732,0.0372140315200813,0.0131164209456024,0.0677877036258539,1.821563019563588,1.0,0.0059157801746095,1.0327968985441294,0.5592272689957664,0.0602803738317757,0.0317554192797838,0.2101233600096482
sausage,frankfurter,0.093950177935943,0.0589730554143365,0.0100660904931367,0.1071428571428571,1.8168103448275863,1.0,0.0045255614435336,1.0539501779359433,0.496203194553548,0.0704626334519573,0.0511885467314964,0.1389162561576354
frankfurter,sausage,0.0589730554143365,0.093950177935943,0.0100660904931367,0.1706896551724138,1.8168103448275863,1.0,0.0045255614435336,1.09253408897537,0.4777597694939672,0.0704626334519573,0.0846967521737952,0.1389162561576354
other vegetables,domestic eggs,0.1934926283680732,0.0634468734112862,0.0222674123029994,0.1150814503415659,1.8138238206879824,1.0,0.0099909100049133,1.0583495248802388,0.5563229229270719,0.0948873483535528,0.0551325658570514,0.2330214944015521
domestic eggs,other vegetables,0.0634468734112862,0.1934926283680732,0.0222674123029994,0.3509615384615384,1.8138238206879824,1.0,0.0099909100049133,1.2426187651810428,0.4790743051414107,0.0948873483535528,0.195247948911905,0.2330214944015521
tropical fruit,fruit/vegetable juice,0.1049313675648195,0.0722928317234367,0.0137264870360955,0.1308139534883721,1.809501030320872,1.0,0.0061407013382219,1.0673286484519655,0.4998068840168125,0.083955223880597,0.0630814590703791,0.1603436856049455
fruit/vegetable juice,tropical fruit,0.0722928317234367,0.1049313675648195,0.0137264870360955,0.189873417721519,1.8095010303208716,1.0,0.0061407013382219,1.104850343162176,0.4822227093380097,0.083955223880597,0.094900041269015,0.1603436856049455
other vegetables,citrus fruit,0.1934926283680732,0.0827656329435688,0.0288764616166751,0.1492380451918024,1.803140263466065,1.0,0.0128619217598768,1.078132798337485,0.5522726627034015,0.116728318947801,0.0724704771601127,0.2490661970430757
citrus fruit,other vegetables,0.0827656329435688,0.1934926283680732,0.0288764616166751,0.3488943488943489,1.8031402634660647,1.0,0.0128619217598768,1.238673585864884,0.485603232520051,0.116728318947801,0.1926848110660516,0.2490661970430757
other vegetables,"whole milk, soda",0.1934926283680732,0.0400610066090493,0.0139298423995932,0.071991592222806,1.7970490089119235,1.0,0.0061783329357375,1.0344076468986292,0.5499418414184803,0.0634259259259259,0.0332631405053805,0.2098536641317076
"whole milk, soda",other vegetables,0.0400610066090493,0.1934926283680732,0.0139298423995932,0.3477157360406091,1.7970490089119235,1.0,0.0061783329357375,1.236435425770347,0.4620420173849577,0.0634259259259259,0.1912234321683548,0.2098536641317076
other vegetables,pip fruit,0.1934926283680732,0.0756481952211489,0.026131164209456,0.1350499211770888,1.7852365252374574,1.0,0.0114937960848147,1.0686764790365453,0.5453764586534179,0.107531380753138,0.0642631145942875,0.2402400143519852
pip fruit,other vegetables,0.0756481952211489,0.1934926283680732,0.026131164209456,0.3454301075268817,1.7852365252374574,1.0,0.0114937960848147,1.2321180379756749,0.4758471092331878,0.107531380753138,0.18838944875528,0.2402400143519852
bottled water,fruit/vegetable juice,0.1105236400610066,0.0722928317234367,0.0142348754448398,0.1287948482060717,1.7815714938209786,1.0,0.0062448085324478,1.0648550073037215,0.4932090600300477,0.0844390832328106,0.060905012287014,0.1628503073660457
fruit/vegetable juice,bottled water,0.0722928317234367,0.1105236400610066,0.0142348754448398,0.1969057665260196,1.7815714938209783,1.0,0.0062448085324478,1.1075616320781512,0.4728839168284587,0.0844390832328106,0.0971157080227941,0.1628503073660457
frankfurter,rolls/buns,0.0589730554143365,0.1839349262836807,0.0192170818505338,0.3258620689655172,1.7716160576428202,1.0,0.0083698772501743,1.2105313113950515,0.4628386200509375,0.0859090909090909,0.1739164525636508,0.2151698404529078
rolls/buns,frankfurter,0.1839349262836807,0.0589730554143365,0.0192170818505338,0.1044776119402984,1.77161605764282,1.0,0.0083698772501743,1.0508134214539908,0.5337118650101454,0.0859090909090909,0.0483562737366651,0.2151698404529078
"rolls/buns, yogurt",whole milk,0.0343670564311133,0.2555160142348754,0.0155566853075749,0.4526627218934911,1.7715630202238302,1.0,0.0067753520273118,1.360192363181687,0.4510271905610372,0.0567086730911786,0.2648098702297849,0.2567730640903986
whole milk,"rolls/buns, yogurt",0.2555160142348754,0.0343670564311133,0.0155566853075749,0.060883406287306,1.7715630202238302,1.0,0.0067753520273118,1.028235418300259,0.5850048113573026,0.0567086730911786,0.0274600716895498,0.2567730640903986
sausage,rolls/buns,0.093950177935943,0.1839349262836807,0.0306049822064056,0.3257575757575758,1.7710479588589043,1.0,0.0133242631534193,1.210343704837687,0.4805061943299762,0.123766447368421,0.1737884073730074,0.2460739233127293
rolls/buns,sausage,0.1839349262836807,0.093950177935943,0.0306049822064056,0.1663902708678828,1.771047958858904,1.0,0.0133242631534193,1.086899289200185,0.5334899947264413,0.123766447368421,0.0799515558282602,0.2460739233127293
bottled beer,bottled water,0.080528723945094,0.1105236400610066,0.0157600406710727,0.1957070707070707,1.7707258881361918,1.0,0.0068597129711929,1.1059109530167706,0.4733805866594372,0.089907192575406,0.095768065889808,0.1691506834676108
bottled water,bottled beer,0.1105236400610066,0.080528723945094,0.0157600406710727,0.1425942962281508,1.7707258881361916,1.0,0.0068597129711929,1.0723876363430074,0.4893439237724383,0.089907192575406,0.0675013716027716,0.1691506834676108
other vegetables,tropical fruit,0.1934926283680732,0.1049313675648195,0.0358922216573462,0.1854965843405149,1.7677896385551983,1.0,0.0155887755489728,1.09891329517687,0.5385218407454868,0.1367157242447715,0.0900100996238742,0.2637754239532032
tropical fruit,other vegetables,0.1049313675648195,0.1934926283680732,0.0358922216573462,0.3420542635658914,1.7677896385551983,1.0,0.0155887755489728,1.2257961819206895,0.4852385823915939,0.1367157242447715,0.1842036916503457,0.2637754239532032
"citrus fruit, other vegetables",whole milk,0.0288764616166751,0.2555160142348754,0.0130147432638535,0.4507042253521126,1.7638981521440618,1.0,0.0056363448863543,1.3553426407518934,0.4459513401738037,0.0479580367178718,0.2621791937090996,0.2508196813191124
whole milk,"citrus fruit, other vegetables",0.2555160142348754,0.0288764616166751,0.0130147432638535,0.0509351372861122,1.7638981521440618,1.0,0.0056363448863543,1.0232425375083,0.581710086042065,0.0479580367178718,0.0227145927346784,0.2508196813191124
whipped/sour cream,whole milk,0.0716827656329435,0.2555160142348754,0.0322318251143873,0.449645390070922,1.759754242478121,1.0,0.0139157305505249,1.3527350772278683,0.4650768258004774,0.1092726645984143,0.2607569532023379,0.2878947205030296
whole milk,whipped/sour cream,0.2555160142348754,0.0716827656329435,0.0322318251143873,0.1261440509351372,1.7597542424781207,1.0,0.0139157305505249,1.062322955357201,0.5799168833048839,0.1092726645984143,0.0586666748025273,0.2878947205030296
other vegetables,"sausage, whole milk",0.1934926283680732,0.0298932384341637,0.0101677681748856,0.0525486074619022,1.7578760353326828,1.0,0.0043836468998257,1.023911906411418,0.5345663136661624,0.0476871721506914,0.0233534801789968,0.1963423309418354
"sausage, whole milk",other vegetables,0.0298932384341637,0.1934926283680732,0.0101677681748856,0.3401360544217687,1.7578760353326826,1.0,0.0043836468998257,1.2222328209267344,0.4444167278063095,0.0476871721506914,0.1818252767571981,0.1963423309418354
whole milk,root vegetables,0.2555160142348754,0.1089984748347737,0.0489069649211997,0.1914046955829685,1.75603095247994,1.0,0.021056109073738,1.1019128113879004,0.5782984779160687,0.1549613402061855,0.0924871825925477,0.3200493627168574
root vegetables,whole milk,0.1089984748347737,0.2555160142348754,0.0489069649211997,0.4486940298507462,1.7560309524799398,1.0,0.021056109073738,1.3504007322169431,0.4832022658109614,0.1549613402061855,0.2594790745127136,0.3200493627168574
brown bread,sausage,0.0648703609557702,0.093950177935943,0.0106761565836298,0.164576802507837,1.75174551154175,1.0,0.0045815746290664,1.0845399371048186,0.4589105142981407,0.0720658888126286,0.0779500451873613,0.1391065830721003
sausage,brown bread,0.093950177935943,0.0648703609557702,0.0106761565836298,0.1136363636363636,1.7517455115417495,1.0,0.0045815746290664,1.0550180543063106,0.4736393221860621,0.0720658888126286,0.0521489220793341,0.1391065830721003
whole milk,"rolls/buns, tropical fruit",0.2555160142348754,0.0246059989832231,0.0109811896288764,0.0429765220851571,1.7465871682128962,1.0,0.0046939628424158,1.0191954779855137,0.574162594717088,0.0408009066868152,0.018833951288181,0.2446287569103472
"rolls/buns, tropical fruit",whole milk,0.0246059989832231,0.2555160142348754,0.0109811896288764,0.4462809917355372,1.7465871682128962,1.0,0.0046939628424158,1.3445158548892548,0.4382381443259165,0.0408009066868152,0.2562378521877913,0.2446287569103472
margarine,yogurt,0.0585663446873411,0.1395017793594306,0.0142348754448398,0.2430555555555555,1.7423115079365077,1.0,0.006064766150378,1.136804988736165,0.4525542715196025,0.077433628318584,0.120341650583586,0.172548185941043
yogurt,margarine,0.1395017793594306,0.0585663446873411,0.0142348754448398,0.1020408163265306,1.7423115079365077,1.0,0.006064766150378,1.0484147525072791,0.4951199338296112,0.077433628318584,0.0461790072979186,0.172548185941043
other vegetables,margarine,0.1934926283680732,0.0585663446873411,0.019725470259278,0.1019442984760903,1.7406634991533836,1.0,0.0083933142918139,1.0483020749327032,0.5275914863972633,0.0849015317286652,0.0460764850969163,0.2193749270158229
margarine,other vegetables,0.0585663446873411,0.1934926283680732,0.019725470259278,0.3368055555555555,1.7406634991533834,1.0,0.0083933142918139,1.2160948849737954,0.4519770677290303,0.0849015317286652,0.1776957436824115,0.2193749270158229
whole milk,sugar,0.2555160142348754,0.033858668022369,0.0150482968988307,0.0588937524870672,1.739399566697617,1.0,0.0063968649984531,1.026601762054878,0.5709847036328872,0.0548554484803558,0.0259124453494323,0.2516690984657558
sugar,whole milk,0.033858668022369,0.2555160142348754,0.0150482968988307,0.4444444444444445,1.7393995666976168,1.0,0.0063968649984531,1.340071174377224,0.4399863186697537,0.0548554484803558,0.2537709793923943,0.2516690984657558
margarine,root vegetables,0.0585663446873411,0.1089984748347737,0.0110828673106253,0.1892361111111111,1.7361354037106138,1.0,0.0046992250630574,1.0989654785763818,0.4503854915277078,0.0708252111760883,0.0900533096859269,0.1454576077943615
root vegetables,margarine,0.1089984748347737,0.0585663446873411,0.0110828673106253,0.1016791044776119,1.7361354037106138,1.0,0.0046992250630574,1.0479926048755663,0.4758780401751736,0.0708252111760883,0.0457947934482464,0.1454576077943615
whole milk,hamburger meat,0.2555160142348754,0.0332486019318759,0.0147432638535841,0.0576999602069239,1.7354101181501451,1.0,0.0062477136090692,1.025948590939694,0.5692094679237818,0.0538033395176252,0.025292291610759,0.2505625183297617
hamburger meat,whole milk,0.0332486019318759,0.2555160142348754,0.0147432638535841,0.4434250764525994,1.7354101181501451,1.0,0.0062477136090692,1.3376168315670094,0.4383415780540524,0.0538033395176252,0.2524017518316463,0.2505625183297617
fruit/vegetable juice,citrus fruit,0.0722928317234367,0.0827656329435688,0.0103711235383833,0.1434599156118143,1.733327113073949,1.0,0.0043877615635101,1.0708598275486414,0.4560435309590738,0.0716795502459592,0.0661709644210391,0.1343835204594698
citrus fruit,fruit/vegetable juice,0.0827656329435688,0.0722928317234367,0.0103711235383833,0.1253071253071253,1.7333271130739487,1.0,0.0043877615635101,1.060609037889217,0.4612505461113612,0.0716795502459592,0.0571455038793925,0.1343835204594698
"yogurt, rolls/buns",other vegetables,0.0343670564311133,0.1934926283680732,0.0114895780376207,0.334319526627219,1.7278153149651596,1.0,0.0048398059594907,1.2115532960515167,0.4362262512335056,0.0531015037593984,0.1746132809352872,0.1968497265295842
other vegetables,"yogurt, rolls/buns",0.1934926283680732,0.0343670564311133,0.0114895780376207,0.0593799264319495,1.7278153149651594,1.0,0.0048398059594907,1.026591894755079,0.5222945925320982,0.0531015037593984,0.0259030827059307,0.1968497265295842
whole milk,ham,0.2555160142348754,0.0260294865277071,0.0114895780376207,0.0449661758853959,1.7275091399721447,1.0,0.0048386273874806,1.0198282918149466,0.5656694698725867,0.0425451807228915,0.0194427748024709,0.2431862129426979
ham,whole milk,0.0260294865277071,0.2555160142348754,0.0114895780376207,0.44140625,1.7275091399721447,1.0,0.0048386273874806,1.332782519971132,0.4323866644124731,0.0425451807228915,0.2496900394359464,0.2431862129426979
whole milk,sliced cheese,0.2555160142348754,0.0245043213014743,0.0107778342653787,0.0421806605650616,1.7213560027277242,1.0,0.0045165877548952,1.018454773813625,0.5628900753995453,0.0400302114803625,0.0181203665475694,0.2410073427306636
sliced cheese,whole milk,0.0245043213014743,0.2555160142348754,0.0107778342653787,0.4398340248962655,1.7213560027277242,1.0,0.0045165877548952,1.3290417819955187,0.4295894446607745,0.0400302114803625,0.2475782074371443,0.2410073427306636
tropical fruit,domestic eggs,0.1049313675648195,0.0634468734112862,0.0113879003558718,0.1085271317829457,1.7105197773802423,1.0,0.0047303331611136,1.0505682898256006,0.4640788043037276,0.0725388601036269,0.0481342244148595,0.1440071556350626
domestic eggs,tropical fruit,0.0634468734112862,0.1049313675648195,0.0113879003558718,0.1794871794871795,1.7105197773802423,1.0,0.0047303331611136,1.0908648957803762,0.4435224963940629,0.0725388601036269,0.0832961956442588,0.1440071556350626
yogurt,pip fruit,0.1395017793594306,0.0756481952211489,0.0179969496695475,0.1290087463556851,1.70537771560237,1.0,0.0074438918308676,1.0612641641477687,0.4806746015056566,0.0912841670964414,0.0577275349695482,0.1834559860810683
pip fruit,yogurt,0.0756481952211489,0.1395017793594306,0.0179969496695475,0.2379032258064516,1.7053777156023695,1.0,0.0074438918308676,1.129119358300853,0.4474699320803401,0.0912841670964414,0.1143540382614263,0.1834559860810683
"bottled water, other vegetables",whole milk,0.0248093543467208,0.2555160142348754,0.0107778342653787,0.4344262295081967,1.7001917895794327,1.0,0.0044386469269639,1.316334003816597,0.4223082567580062,0.0399849113542059,0.2403143904961915,0.2383034450366292
whole milk,"bottled water, other vegetables",0.2555160142348754,0.0248093543467208,0.0107778342653787,0.0421806605650616,1.7001917895794327,1.0,0.0044386469269639,1.0181363076554593,0.5531765215195353,0.0399849113542059,0.0178132412321323,0.2383034450366292
yogurt,root vegetables,0.1395017793594306,0.1089984748347737,0.0258261311642094,0.1851311953352769,1.698475098994822,1.0,0.0106206499772943,1.0934294208646604,0.4779052122206809,0.1159817351598173,0.0854462291592433,0.2110357469213698
root vegetables,yogurt,0.1089984748347737,0.1395017793594306,0.0258261311642094,0.2369402985074627,1.698475098994822,1.0,0.0106206499772943,1.1276944896414307,0.4615441984507157,0.1159817351598173,0.1132350036418404,0.2110357469213698
sausage,shopping bags,0.093950177935943,0.0985256736146415,0.0156583629893238,0.1666666666666666,1.6916064671482631,1.0,0.0064018584219696,1.08176919166243,0.4512400403995063,0.0885566417481311,0.0755883901045191,0.162796697626419
shopping bags,sausage,0.0985256736146415,0.093950177935943,0.0156583629893238,0.1589267285861713,1.6916064671482631,1.0,0.0064018584219696,1.0772543283191056,0.4535303406271149,0.0885566417481311,0.0717141034277853,0.162796697626419
other vegetables,white bread,0.1934926283680732,0.0420945602440264,0.0137264870360955,0.070940620073568,1.685268112134159,1.0,0.0055814999344807,1.031048671864037,0.5041771726340561,0.0618698441796516,0.0301136820320074,0.1985137882976536
white bread,other vegetables,0.0420945602440264,0.1934926283680732,0.0137264870360955,0.3260869565217391,1.6852681121341588,1.0,0.0055814999344807,1.196752874034472,0.4244913844956304,0.0618698441796516,0.1644055997719748,0.1985137882976536
napkins,yogurt,0.0523640061006609,0.1395017793594306,0.0123029994916115,0.2349514563106796,1.684218347533188,1.0,0.0049981274661813,1.124762902613942,0.428701273365729,0.0685164212910532,0.1109237354148096,0.1615719380678762
yogurt,napkins,0.1395017793594306,0.0523640061006609,0.0123029994916115,0.0881924198250728,1.6842183475331878,1.0,0.0049981274661813,1.0392938318384437,0.4721134193274955,0.0685164212910532,0.0378082026802137,0.1615719380678762
whole milk,cream cheese ,0.2555160142348754,0.0372140315200813,0.0158617183528215,0.0620771985674492,1.6681126992100097,1.0,0.0063529373451993,1.026508756381008,0.5379835269892632,0.0572897539478516,0.0258241892397152,0.2441533533820853
cream cheese ,whole milk,0.0372140315200813,0.2555160142348754,0.0158617183528215,0.4262295081967213,1.6681126992100097,1.0,0.0063529373451993,1.2975292323335028,0.4160012023038742,0.0572897539478516,0.2293044541265712,0.2441533533820853
curd,other vegetables,0.0532791052364006,0.1934926283680732,0.0171835282155566,0.3225190839694656,1.6668287918232765,1.0,0.0068744141062663,1.1904503175637453,0.4225726521852692,0.074844995571302,0.1599817436762096,0.2056631152900402
other vegetables,curd,0.1934926283680732,0.0532791052364006,0.0171835282155566,0.0888071466106148,1.6668287918232765,1.0,0.0068744141062663,1.0389906936188753,0.4960380691499043,0.074844995571302,0.0375274714762535,0.2056631152900402
"other vegetables, soda",whole milk,0.0327402135231316,0.2555160142348754,0.0139298423995932,0.4254658385093167,1.6651239640824234,1.0,0.0055641935349639,1.295804559007406,0.4129646637985207,0.0507783543365455,0.2282786836573518,0.2399911763179293
whole milk,"other vegetables, soda",0.2555160142348754,0.0327402135231316,0.0139298423995932,0.0545165141265419,1.6651239640824231,1.0,0.0055641935349639,1.023031920629785,0.5365382199829729,0.0507783543365455,0.0225133939277347,0.2399911763179293
frozen vegetables,whole milk,0.0480935434672089,0.2555160142348754,0.02043721403152,0.4249471458773784,1.6630939831691272,1.0,0.0081485434943471,1.2946357546577347,0.418855306887906,0.0721723518850987,0.2275819693668419,0.2524656143234882
whole milk,frozen vegetables,0.2555160142348754,0.0480935434672089,0.02043721403152,0.079984082769598,1.6630939831691272,1.0,0.0081485434943471,1.0346630299597337,0.5355535896045583,0.0721723518850987,0.0335017575346076,0.2524656143234882
other vegetables,sugar,0.1934926283680732,0.033858668022369,0.0107778342653787,0.0557015239096163,1.6451185815347666,1.0,0.0042264315966885,1.0231313048154878,0.4862213246558008,0.0497652582159624,0.0226083443118372,0.1870099211139673
sugar,other vegetables,0.033858668022369,0.1934926283680732,0.0107778342653787,0.3183183183183183,1.6451185815347664,1.0,0.0042264315966885,1.183114338120844,0.4058837662776059,0.0497652582159624,0.1547731543949395,0.1870099211139673
"rolls/buns, other vegetables",whole milk,0.0426029486527707,0.2555160142348754,0.0178952719877986,0.4200477326968974,1.643919399551924,1.0,0.0070095363533896,1.2836987244262847,0.4091277178110758,0.0638606676342525,0.2210010176282416,0.2450417732326508
whole milk,"rolls/buns, other vegetables",0.2555160142348754,0.0426029486527707,0.0178952719877986,0.0700358137684042,1.643919399551924,1.0,0.0070095363533896,1.0294988404088947,0.5261331044672344,0.0638606676342525,0.0286535926521087,0.2450417732326508
other vegetables,"whole milk, pastry",0.1934926283680732,0.0332486019318759,0.010574478901881,0.0546505517603783,1.6436947295514406,1.0,0.0041411195245185,1.0226391942877378,0.4855684374878777,0.0489181561618062,0.0221380076318175,0.1863466826080179
"whole milk, pastry",other vegetables,0.0332486019318759,0.1934926283680732,0.010574478901881,0.3180428134556575,1.6436947295514406,1.0,0.0041411195245185,1.182636370061166,0.4050829665706611,0.0489181561618062,0.1544315519839121,0.1863466826080179
other vegetables,"rolls/buns, whole milk",0.1934926283680732,0.0566344687341128,0.0178952719877986,0.0924855491329479,1.6330258091966667,1.0,0.0069369197762057,1.0395046936878884,0.4806401285930408,0.0770577933450087,0.0380033817334062,0.2042320025736553
"rolls/buns, whole milk",other vegetables,0.0566344687341128,0.1934926283680732,0.0178952719877986,0.3159784560143626,1.6330258091966663,1.0,0.0069369197762057,1.1790672073464126,0.4109115649924552,0.0770577933450087,0.1518719257313737,0.2042320025736553
butter milk,whole milk,0.0279613624809354,0.2555160142348754,0.0115912557193695,0.4145454545454545,1.622385414028868,1.0,0.0044466798256643,1.271634137176455,0.3946588490053586,0.0426327599102468,0.2136102902833304,0.2299547805954491
whole milk,butter milk,0.2555160142348754,0.0279613624809354,0.0115912557193695,0.0453641066454436,1.622385414028868,1.0,0.0044466798256643,1.018229719085206,0.5152879809466304,0.0426327599102468,0.0179033461148471,0.2299547805954491
other vegetables,"bottled water, whole milk",0.1934926283680732,0.0343670564311133,0.0107778342653787,0.0557015239096163,1.620782507843424,1.0,0.0041280621872487,1.0225929279975463,0.4749046137451356,0.0496487119437939,0.0220937651522667,0.1846554956826188
"bottled water, whole milk",other vegetables,0.0343670564311133,0.1934926283680732,0.0107778342653787,0.3136094674556213,1.6207825078434237,1.0,0.0041280621872487,1.174997808670652,0.3966456140072039,0.0496487119437939,0.1489345830088294,0.1846554956826188
yogurt,domestic eggs,0.1395017793594306,0.0634468734112862,0.0143365531265887,0.1027696793002915,1.619775313971742,1.0,0.0054856013909217,1.043826880324708,0.4446614927054185,0.076010781671159,0.0419867328105924,0.1643656088809149
domestic eggs,yogurt,0.0634468734112862,0.1395017793594306,0.0143365531265887,0.2259615384615384,1.619775313971742,1.0,0.0054856013909217,1.111699564554276,0.4085517547243465,0.076010781671159,0.1004763949863205,0.1643656088809149
margarine,whole milk,0.0585663446873411,0.2555160142348754,0.0241992882562277,0.4131944444444444,1.6170980346641903,1.0,0.0092346492934124,1.2687064372802122,0.4053480556279104,0.0834794808839003,0.2117955969832164,0.2539509826679046
whole milk,margarine,0.2555160142348754,0.0585663446873411,0.0241992882562277,0.0947075208913648,1.6170980346641903,1.0,0.0092346492934124,1.0399220992530602,0.5125809405980364,0.0834794808839003,0.0383895094466544,0.2539509826679046
other vegetables,dessert,0.1934926283680732,0.0371123538383324,0.0115912557193695,0.0599054125065685,1.6141636493208271,1.0,0.0044102888302646,1.0242454950506723,0.4717677008962143,0.0529247910863509,0.0236715662093032,0.1861170898149281
dessert,other vegetables,0.0371123538383324,0.1934926283680732,0.0115912557193695,0.3123287671232876,1.6141636493208271,1.0,0.0044102888302646,1.1728095244846743,0.3951490394412641,0.0529247910863509,0.1473466243895025,0.1861170898149281
yogurt,other vegetables,0.1395017793594306,0.1934926283680732,0.0434163701067615,0.3112244897959184,1.6084565723294046,1.0,0.0164238041564823,1.1709292210359827,0.4396127405117357,0.1499297752808988,0.1459774151718176,0.2678035218291205
other vegetables,yogurt,0.1934926283680732,0.1395017793594306,0.0434163701067615,0.2243825538623226,1.6084565723294044,1.0,0.0164238041564823,1.10943639151694,0.469042186453709,0.1499297752808988,0.0986414294264378,0.2678035218291205
whole milk,hard cheese,0.2555160142348754,0.0245043213014743,0.0100660904931367,0.0393951452447274,1.607681549717403,1.0,0.0038048439826532,1.015501508106626,0.5077157811383433,0.0372881355932203,0.0152648794540227,0.225091763493733
hard cheese,whole milk,0.0245043213014743,0.2555160142348754,0.0100660904931367,0.4107883817427386,1.6076815497174028,1.0,0.0038048439826532,1.263525637812641,0.3874812330096882,0.0372881355932203,0.2085637441190704,0.225091763493733
brown bread,yogurt,0.0648703609557702,0.1395017793594306,0.0145399084900864,0.2241379310344827,1.606703026038001,1.0,0.0054903777090679,1.1090865954922895,0.4038022432063966,0.0765934654525977,0.0983571489689398,0.164182668141148
yogurt,brown bread,0.1395017793594306,0.0648703609557702,0.0145399084900864,0.1042274052478133,1.6067030260380009,1.0,0.0054903777090679,1.043936423733672,0.438824203092193,0.0765934654525977,0.0420872600426492,0.164182668141148
whole milk,chicken,0.2555160142348754,0.0429079816980172,0.0175902389425521,0.068842021488261,1.6044106192821028,1.0,0.0066265624802117,1.027851385467044,0.5060124448767117,0.0626357711803041,0.0270967046995694,0.2393973140616661
chicken,whole milk,0.0429079816980172,0.2555160142348754,0.0175902389425521,0.4099526066350711,1.6044106192821026,1.0,0.0066265624802117,1.2617359116180025,0.3936070457226477,0.0626357711803041,0.2074411207669932,0.2393973140616661
yogurt,beef,0.1395017793594306,0.0524656837824097,0.0116929334011184,0.0838192419825072,1.5976012498022465,1.0,0.004373877158163,1.0342220221563514,0.4347034919264934,0.0648618161308516,0.0330896281680394,0.1533437295183854
beef,yogurt,0.0524656837824097,0.1395017793594306,0.0116929334011184,0.2228682170542635,1.5976012498022465,1.0,0.004373877158163,1.1072745183305082,0.3947736508395658,0.0648618161308516,0.09688159219292,0.1533437295183854
berries,other vegetables,0.0332486019318759,0.1934926283680732,0.0102694458566344,0.308868501529052,1.5962804585066874,1.0,0.0038360864792719,1.166937657184248,0.3863906163439229,0.0474401127289807,0.1430561916967002,0.1809712975327866
other vegetables,berries,0.1934926283680732,0.0332486019318759,0.0102694458566344,0.0530740935365212,1.5962804585066874,1.0,0.0038360864792719,1.0209366873050167,0.4631621255922868,0.0474401127289807,0.0205073317134714,0.1809712975327866
bottled water,tropical fruit,0.1105236400610066,0.1049313675648195,0.0185053380782918,0.1674333026678932,1.595645864087917,1.0,0.0069079413784485,1.0750713850354046,0.4196789721481079,0.0939597315436241,0.0698292095579609,0.17189494590759
tropical fruit,bottled water,0.1049313675648195,0.1105236400610066,0.0185053380782918,0.1763565891472868,1.595645864087917,1.0,0.0069079413784485,1.079928945243578,0.4170568724697999,0.0939597315436241,0.0740131520648794,0.17189494590759
pastry,"whole milk, other vegetables",0.0889679715302491,0.0748347737671581,0.010574478901881,0.1188571428571428,1.5882608695652172,1.0,0.0039165808798918,1.049960535607959,0.4065504807692307,0.0690112806901128,0.047583250906693,0.1300807453416149
"whole milk, other vegetables",pastry,0.0748347737671581,0.0889679715302491,0.010574478901881,0.1413043478260869,1.5882608695652172,1.0,0.0039165808798918,1.0609486913824946,0.400339851378427,0.0690112806901128,0.0574473505434782,0.1300807453416149
whole milk,white bread,0.2555160142348754,0.0420945602440264,0.0170818505338078,0.0668523676880222,1.5881474304630416,1.0,0.0063260162792843,1.0265315011116254,0.4974392242556679,0.0608916274012323,0.0258457739318224,0.2363247345686488
white bread,whole milk,0.0420945602440264,0.2555160142348754,0.0170818505338078,0.4057971014492754,1.5881474304630414,1.0,0.0063260162792843,1.252912073604722,0.3866097017301773,0.0608916274012323,0.2018593953501261,0.2363247345686488
bottled water,margarine,0.1105236400610066,0.0585663446873411,0.0102694458566344,0.092916283348666,1.586513275580088,1.0,0.0037964802567219,1.0378685429258216,0.4156231466768075,0.0646606914212548,0.0364868394787915,0.1341317527854441
margarine,bottled water,0.0585663446873411,0.1105236400610066,0.0102694458566344,0.1753472222222222,1.5865132755800877,1.0,0.0037964802567219,1.0786071227891794,0.3926850941925383,0.0646606914212548,0.0728783642610374,0.1341317527854441
pastry,pip fruit,0.0889679715302491,0.0756481952211489,0.0106761565836298,0.12,1.586290322580645,1.0,0.0039458901048799,1.0503997781577852,0.4056919642857142,0.0693527080581241,0.0479815201847981,0.1305645161290322
pip fruit,pastry,0.0756481952211489,0.0889679715302491,0.0106761565836298,0.1411290322580645,1.5862903225806448,1.0,0.0039458901048799,1.0607321270445924,0.3998460015399845,0.0693527080581241,0.0572549143145161,0.1305645161290322
whole milk,beef,0.2555160142348754,0.0524656837824097,0.0212506354855109,0.08316752884998,1.5851795469758805,1.0,0.0078448130813222,1.0334868648675366,0.4958557091494597,0.0741134751773049,0.0324018291919255,0.2441031442699512
beef,whole milk,0.0524656837824097,0.2555160142348754,0.0212506354855109,0.4050387596899225,1.5851795469758805,1.0,0.0078448130813222,1.2513151031101115,0.389597113680904,0.0741134751773049,0.2008407814190641,0.2441031442699512
root vegetables,frankfurter,0.1089984748347737,0.0589730554143365,0.0101677681748856,0.0932835820895522,1.5818000514668038,1.0,0.0037397950783763,1.0378404162508552,0.4128038343033207,0.0644329896907216,0.0364607271583734,0.1328486875965002
frankfurter,root vegetables,0.0589730554143365,0.1089984748347737,0.0101677681748856,0.1724137931034482,1.5818000514668038,1.0,0.0037397950783763,1.0766268429079815,0.3908589951377633,0.0644329896907216,0.0711730748798828,0.1328486875965002
tropical fruit,whole milk,0.1049313675648195,0.2555160142348754,0.0422979156075241,0.4031007751937984,1.5775949558420244,1.0,0.0154862707991467,1.2472523917363776,0.4090454303165878,0.132949824224992,0.1982376569285724,0.2843199856868316
whole milk,tropical fruit,0.2555160142348754,0.1049313675648195,0.0422979156075241,0.1655391961798646,1.5775949558420244,1.0,0.0154862707991467,1.072631126995521,0.4917818796881893,0.132949824224992,0.0677130517356548,0.2843199856868316
oil,whole milk,0.0280630401626842,0.2555160142348754,0.011286222674123,0.4021739130434782,1.57396754269105,1.0,0.0041156665044407,1.2453186670980263,0.3751919091389747,0.0414488424197162,0.1969926843461634,0.2231721137043893
whole milk,oil,0.2555160142348754,0.0280630401626842,0.011286222674123,0.0441703143653004,1.57396754269105,1.0,0.0041156665044407,1.0168516153501974,0.4898196475634334,0.0414488424197162,0.0165723445739857,0.2231721137043893
yogurt,whole milk,0.1395017793594306,0.2555160142348754,0.0560244026436197,0.401603498542274,1.5717351405345266,1.0,0.0203794640030249,1.244131581570951,0.4227324107307714,0.1652669466106778,0.1962264966079302,0.3104316736642926
whole milk,yogurt,0.2555160142348754,0.1395017793594306,0.0560244026436197,0.2192598487863111,1.5717351405345263,1.0,0.0203794640030249,1.1021569971813203,0.4886075378331764,0.1652669466106778,0.0926882444539017,0.3104316736642926
brown bread,tropical fruit,0.0648703609557702,0.1049313675648195,0.0106761565836298,0.164576802507837,1.5684233068455202,1.0,0.0038692208941174,1.0713954737216609,0.3875580546451483,0.0670926517571885,0.0666378339957488,0.1331604942771743
tropical fruit,brown bread,0.1049313675648195,0.0648703609557702,0.0106761565836298,0.1017441860465116,1.56842330684552,1.0,0.0038692208941174,1.0410504719456797,0.4049041722789309,0.0670926517571885,0.03943177881564,0.1331604942771743
chocolate,soda,0.0496187086934417,0.1743772241992882,0.0135231316725978,0.2725409836065574,1.5629391100702577,1.0,0.0048707589822823,1.1349406044809782,0.3789845320479975,0.0642512077294686,0.1188966223855285,0.1750460020073603
soda,chocolate,0.1743772241992882,0.0496187086934417,0.0135231316725978,0.0775510204081632,1.5629391100702577,1.0,0.0048707589822823,1.0302806034075522,0.4362522686025409,0.0642512077294686,0.0293906371792324,0.1750460020073603
pip fruit,whole milk,0.0756481952211489,0.2555160142348754,0.0300965937976614,0.3978494623655914,1.5570431605115762,1.0,0.0107672684706916,1.2363751906456533,0.3870355891035683,0.099966227625802,0.1911840292769176,0.2578184836698629
whole milk,pip fruit,0.2555160142348754,0.0756481952211489,0.0300965937976614,0.1177875049741345,1.5570431605115762,1.0,0.0107672684706916,1.0477654873293878,0.4805436411554957,0.099966227625802,0.0455879563767036,0.2578184836698629
whole milk,onions,0.2555160142348754,0.0310116929334011,0.0120996441281138,0.0473537604456824,1.5269647015845471,1.0,0.0041756599550953,1.017154392505582,0.4635506210132237,0.0440904038532789,0.016865082264773,0.2187588474359559
onions,whole milk,0.0310116929334011,0.2555160142348754,0.0120996441281138,0.3901639344262295,1.5269647015845471,1.0,0.0041756599550953,1.220793632571844,0.3561508548855008,0.0440904038532789,0.1808607341002413,0.2187588474359559
fruit/vegetable juice,root vegetables,0.0722928317234367,0.1089984748347737,0.011997966446365,0.1659634317862166,1.52262159665806,1.0,0.0041181580470234,1.0683003109485258,0.3699852874519799,0.0708708708708708,0.0639336245141436,0.1380190293259441
root vegetables,fruit/vegetable juice,0.1089984748347737,0.0722928317234367,0.011997966446365,0.1100746268656716,1.52262159665806,1.0,0.0041181580470234,1.0424550150864529,0.3852271782165771,0.0708708708708708,0.0407259924620649,0.1380190293259441
whole milk,hygiene articles,0.2555160142348754,0.0329435688866293,0.0128113879003558,0.0501392757660167,1.5219746208604146,1.0,0.0043937784837722,1.018103398151613,0.460666484567058,0.0464773146440427,0.0177814927093654,0.2195140823274528
hygiene articles,whole milk,0.0329435688866293,0.2555160142348754,0.0128113879003558,0.3888888888888888,1.5219746208604144,1.0,0.0043937784837722,1.2182465221611127,0.3546419934812321,0.0464773146440427,0.1791480773316336,0.2195140823274528
whole milk,brown bread,0.2555160142348754,0.0648703609557702,0.0252160650737163,0.0986868284918424,1.5212930379581036,1.0,0.0086406490003202,1.0375191094561365,0.4602710787639548,0.0854288666896314,0.0361623310011166,0.243700781017081
brown bread,whole milk,0.0648703609557702,0.2555160142348754,0.0252160650737163,0.3887147335423197,1.5212930379581036,1.0,0.0086406490003202,1.2178994433798704,0.3664352330879283,0.0854288666896314,0.1789141497389667,0.243700781017081
sausage,pip fruit,0.093950177935943,0.0756481952211489,0.0107778342653787,0.1147186147186147,1.5164752362333007,1.0,0.0036706728638188,1.04413333449347,0.3758911500096339,0.0678617157490396,0.0422679106542267,0.1285958664990923
pip fruit,sausage,0.0756481952211489,0.093950177935943,0.0107778342653787,0.1424731182795698,1.5164752362333007,1.0,0.0036706728638188,1.0565847454790882,0.3684485796651466,0.0678617157490396,0.0535543842755661,0.1285958664990923
other vegetables,whole milk,0.1934926283680732,0.2555160142348754,0.0748347737671581,0.3867577509196006,1.5136340948246207,1.0,0.025394308582718,1.2140128748166512,0.4207504618057839,0.1999999999999999,0.1762855067323507,0.3398173951573729
whole milk,other vegetables,0.2555160142348754,0.1934926283680732,0.0748347737671581,0.2928770393951452,1.5136340948246203,1.0,0.025394308582718,1.140547566072612,0.4558034229778036,0.1999999999999999,0.123228149577818,0.3398173951573729
rolls/buns,"whole milk, yogurt",0.1839349262836807,0.0560244026436197,0.0155566853075749,0.0845771144278606,1.5096477684174407,1.0,0.0052518409372335,1.0311907340686544,0.413684935723604,0.0693248753964657,0.0302472986210695,0.1811270327130229
"whole milk, yogurt",rolls/buns,0.0560244026436197,0.1839349262836807,0.0155566853075749,0.2776769509981851,1.5096477684174407,1.0,0.0052518409372335,1.1297785317027436,0.357629824872646,0.0693248753964657,0.1148707716256105,0.1811270327130229
whole milk,pork,0.2555160142348754,0.0576512455516014,0.0221657346212506,0.0867489056904098,1.5047186727780972,1.0,0.0074349181422293,1.03186162088402,0.450545547038083,0.0761705101327743,0.0308778039992642,0.2356143117517305
pork,whole milk,0.0576512455516014,0.2555160142348754,0.0221657346212506,0.3844797178130512,1.504718672778097,1.0,0.0074349181422293,1.2095198278762913,0.3559445938080323,0.0761705101327743,0.1732256247871289,0.2356143117517305
fruit/vegetable juice,other vegetables,0.0722928317234367,0.1934926283680732,0.0210472801220132,0.2911392405063291,1.5046528798632406,1.0,0.0070591500996746,1.1377514706950396,0.3615309837409222,0.0859991690901537,0.1210734279349151,0.1999574289762334
other vegetables,fruit/vegetable juice,0.1934926283680732,0.0722928317234367,0.0210472801220132,0.1087756174461376,1.5046528798632406,1.0,0.0070591500996746,1.0409355785556014,0.4158609046460129,0.0859991690901537,0.0393257559823283,0.1999574289762334
bottled water,soda,0.1105236400610066,0.1743772241992882,0.0289781392984239,0.2621895124195032,1.5035765916302124,1.0,0.0097053337361844,1.1190174031114386,0.3765351879928446,0.1132300357568534,0.1063588490943121,0.2141851352184979
soda,bottled water,0.1743772241992882,0.1105236400610066,0.0289781392984239,0.1661807580174927,1.5035765916302124,1.0,0.0097053337361844,1.0667496204862754,0.4056563823351483,0.1132300357568534,0.06257290296091,0.2141851352184979
